" Oh ! single, my dear, to be sure !	A single man of large fortune ; four or five thousand a year.
A single man of large fortune ; four or five thousand a year.	What a fine thing for our girls ”
" Design ! nonsense, how can you talk so !	But it is very likely that he may fall in love with one of them, and therefore you must visit him as soon as he comes.”
" My dear, you flatter me.	I certainly have had my share of beauty, but I do not pretend to be anything extraordinary now.
I certainly have had my share of beauty, but I do not pretend to be anything extraordinary now.	When a woman has five grown-up daughters, she ought to give over thinking of her own beauty.”
" But consider your daughters.	Only think what an establishment it would be for one of them.
Only think what an establishment it would be for one of them.	Sir William and Lady Lucas are determined to go, merely on that account, for in general, you know, they visit no newcomers.
Sir William and Lady Lucas are determined to go, merely on that account, for in general, you know, they visit no newcomers.	Indeed you must go, for it will be impossible for us to visit him if you do not.”
" You are over-scrupulous, surely.	I dare say Mr. Bingley
” I desire you will do no such thing.	Lizzy is not a bit better than the others ; and I am sure she is not half so handsome as Jane, nor half so good-humored as Lydia.
Lizzy is not a bit better than the others ; and I am sure she is not half so handsome as Jane, nor half so good-humored as Lydia.	But you are always giving her the preference.”
" Mr. Bennet, how can you abuse your own children in such a way!	You take delight in vexing me.
You take delight in vexing me.	You have no compassion on my poor nerves.”
" You mistake me, my dear.	I have a high respect for your nerves.
I have a high respect for your nerves.	They are my old friends.
They are my old friends.	I have heard you mention them with consideration these twenty years at least.”
Her mind was less difficult to develop.	She was a woman of mean understanding, little information, and uncertain temper.
She was a woman of mean understanding, little information, and uncertain temper.	When she was discontented, she fancied herself nervous.
When she was discontented, she fancied herself nervous.	The business of her life was to get her daughters married ; its solace was visiting and news.
It was then disclosed in the following manner.	Observing his second daughter employed in trimming a hat, he suddenly addressed her with,
I do not believe Mrs. Long will do any such thing.	She has two nieces of her own.
She has two nieces of her own.	She is a selfish, hypocritical woman, and I have no opinion of her.”
" Don’t keep coughing so, Kitty, for Heaven’s sake !	Have a little compassion on my nerves.
Have a little compassion on my nerves.	You tear them to pieces.”
fretfully.	" When is your next ball to be, Lizzy ? ”
" I honor your circumspection.	A fortnight’s acquaintance is certainly veiy little.
A fortnight’s acquaintance is certainly veiy little.	One cannot know what a man really is by the end of a fortnight.
Mrs. Bennet said only.	Nonsense, nonsense ”
” What can be the meaning of that emphatic exclamation ?	" cried he. ” Do you consider the forms of introduction, and the stress that is laid on them, as nonsense ?
" cried he. ” Do you consider the forms of introduction, and the stress that is laid on them, as nonsense ?	I cannot quite agree with you fhere.
I cannot quite agree with you fhere.	What say you, Mary ? for you are a young lady of deep reflection, I know, and read great books and make extracts.”
” I am sorry to hear that ; but why did not you tell me so before.?	If I had known as much this morning I certainly would not have called on him.
If I had known as much this morning I certainly would not have called on him.	It is very unlucky ; but as I have actually paid the visit, we cannot escape the acquaint- ance now.”
" How good it was in you, my dear Mr. Bennet !	But I knew I should persuade you at last.
But I knew I should persuade you at last.	I was sure you loved your girls too well to neglect such an acquaintance.
I was sure you loved your girls too well to neglect such an acquaintance.	Well, how pleased I am ! and it is such a good joke, too, that you should have gone this morning and never said a word about it till now.”
" What an excellent father you have, girls ! ” said she, when the door was shut.	" I do not know how you will ever make him amends for his kindness ; or me either, for that matter.
” Oh ! ” said Lydia stoutly, ” I am not afraid ; for though I am the youngest.	I’m the tallest.”
Lady Lucas.	Her report was highly favorable.
Her report was highly favorable.	Sir William had been delighted with him.
Sir William had been delighted with him.	He was quite young, wonderfully handsome, extremely agreeable, and, to crown the whole, be ic meant to be at the next assembly with a large party.
He was quite young, wonderfully handsome, extremely agreeable, and, to crown the whole, be ic meant to be at the next assembly with a large party.	Nothing could be more delightful !
Nothing could be more delightful !	To be fond of dancing was a certain step towards falling in love ; and very lively hopes of Mr. Bingley’s heart were entertained.
deferred it all.	Mr. Bingley was obliged to be in town the following day, and, consequently, unable to accept the honor of their invitation, etc.
Mr. Bingley was obliged to be in town the following day, and, consequently, unable to accept the honor of their invitation, etc.	Mrs. Bennet was quite disconcerted.
Mr. Bingley was good-looking and gentlemanlike ; he had a pleasant countenance, and easy, unaffected manners.	His sisters were fine women, with an air of decided fashion.
Such amiable qualities must speak for themselves.	What a contrast between him and his friend !
His character was decided.	He was the proudest, most disagreeable man in the world, and everybody hoped that he would never come there again.
" Come, Darcy,” said he, " I must have you dance.	I hate to see you standing about by yourself in this stupid manner.
I hate to see you standing about by yourself in this stupid manner.	You had much better dance.”
" I certainly shall not.	You know how I detest it, unless I am particularly acquainted with my partner.
You know how I detest it, unless I am particularly acquainted with my partner.	At such an assembly as this it would be insupportable.
At such an assembly as this it would be insupportable.	Your sisters are engaged, and there is not another woman in the room whom it would not be a punishment to me to stand up with.”
" for a kingdom !	Upon my honor, I never met with so many pleasant girls in my life as I have this evening ; and there are several of them you see uncommonly pretty.”
" Oh I she is the most beautiful creature I ever beheld !	But there is one of her sisters sitting down just behind you, who is very pretty, and I dare say very agreeable.
But there is one of her sisters sitting down just behind you, who is very pretty, and I dare say very agreeable.	Do let me ask my partner to introduce you.”
Mr. Bingley followed his advice.	Mr. Darcy walked off ; and Elizabeth remained with no very cordial feelings towards him.
The evening altogether passed off pleasantly to the whole family.	Mrs. Bennet had seen her eldest daughter much admired by the Netherfield party.
Mrs. Bennet had seen her eldest daughter much admired by the Netherfield party.	Mr. Bingley had danced with her twice, and she had been distinguished by his sisters.
Mr. Bingley had danced with her twice, and she had been distinguished by his sisters.	Jane was as much gratified by this as her mother could be, though in a quieter way.
Jane was as much gratified by this as her mother could be, though in a quieter way.	Elizabeth felt Jane’s pleasure.
They returned, therefore, in good spirits to Longbourn, the village where they lived, and of which they were the principal inhabitants.	They found Mr. Bennet still up.
They found Mr. Bennet still up.	With a book he was , regardless of time ; and on the present occasion he had a good deal of curiosity as to the event of an evening wl. ich had raised such splendid expectations.
With a book he was , regardless of time ; and on the present occasion he had a good deal of curiosity as to the event of an evening wl. ich had raised such splendid expectations.	He had rather hopiid that all his
" Oh ! my dear Mr. Bennet,” as she entered the room, " we have had a most delightful evening, a most excellent ball.	I wish you had been there.
I wish you had been there.	Jane was so admired, nothing could be like it.
Jane was so admired, nothing could be like it.	Everybody said how well she looked ; and Mr. Bingley thought her quite beautiful, and danced with her twice !
Only think of that^ my dear ; he actually danced with her twice ! and she was the only creature in the room that he asked a second time.	First of all, he asked Miss Lucas.
If he had had any compassion for me" cried her husband impatiently, " he would not have danced half so much !	For God’s sake, say no more of his partners.
For God’s sake, say no more of his partners.	O that he had sprained his ankle in the first dance ! ”
" Oh ! my dear,” continued Mrs. Bennet, I am quite delighted with him.	He is so excessively handsome ! and his sisters are charming women.
He is so excessively handsome ! and his sisters are charming women.	I never in my life saw anything more elegant than their dresses.
I never in my life saw anything more elegant than their dresses.	I dare say the lace upon Mrs. Hurst’s gown — ”
Here she was interrupted again.	Mr. Bennet protested against any description of finery.
lose much by not suiting his fancy ; for he is a most disagreeable, horrid man, not at all worth pleasing.	So high and so conceited that there was no enduring him !
So high and so conceited that there was no enduring him !	He walked here, and he walked there, fancying himself so very great !
He walked here, and he walked there, fancying himself so very great !	Not handsome enough to dance with!
Not handsome enough to dance with!	I wish you had been there, my dear, to have given him one of your set-downs.
I wish you had been there, my dear, to have given him one of your set-downs.	I quite detest the man.”
" He is also handsome,” replied Elizabeth ; " which a young man ought likewise to be, if he possibly can.	His character is thereby complete.”
" I was very much flattered by his asking me to dance a second time.	I did not expect such a compliment.”
Did not you ?	I did for you.
I did for you.	But that is one great difference between us.
But that is one great difference between us.	Compliments always take you by surprise, and me never.
Compliments always take you by surprise, and me never.	What could be more natural than his asking you again ?
What could be more natural than his asking you again ?	He could not help seeing that you were about five times as pretty as every other woman in the room.
He could not help seeing that you were about five times as pretty as every other woman in the room.	No thanks to his gallantry for that.
No thanks to his gallantry for that.	Well, he certainly is very agreeable, and I give you leave to like him.
Well, he certainly is very agreeable, and I give you leave to like him.	You have liked many a stupider person.”
" Oh ! you are a great deal too apt, you know, to like people in general.	You never see a fault in anybody.
You never see a fault in anybody.	All the world are good and agreeable in your eyes.
All the world are good and agreeable in your eyes.	I never heard you speak ill of a human being in my life.”
With your good sense, to be so honestly blind to the follies and nonsense of others !	Affectation of candor is common enough — one meets it everywhere.
And so you like this man’s sisters, too, do you ?	Their manners are not equal to his.”
" Certainly not — at first.	But they are very pleasing women when you converse with them.
But they are very pleasing women when you converse with them.	Miss Bingley is to live with her lo brother, and keep his house ; and I am much mistaken if we shall not find a very charming neighbor in her.”
On the strength of Darcy’s regard, Bingley had the firmest reliance, and of his judgment the highest opinion.	In understanding, Darcy was the superior.
In understanding, Darcy was the superior.	Bingley was by no means deficient, but Darcy was clever.
Bingley was by no means deficient, but Darcy was clever.	He was at the same time haughty, reserved, and fastidious, and his manners, though well-bred, were not inviting.
He was at the same time haughty, reserved, and fastidious, and his manners, though well-bred, were not inviting.	In that respect his friend had greatly the advantage.
In that respect his friend had greatly the advantage.	Bingley was sure of being liked wherever he appeared, Darcy was continually giving offense.
Lady Lucas was a very good kind of woman, not too clever to be a valuable neighbor to Mrs. Bennet.	They had several children.
They had several children.	The eldest of them, a sensible, intelligent young woman, about twenty-seven, was Elizabeth’s intimate friend.
” You began the evening well, Charlotte,” said Mrs. Bennet with civil self-command to Miss Lucas.	" You were Mr. Bingley’s first choice.”
her twice.	To be sure that did seem as if he admired her — indeed I rather believe he did — I heard something about it — but I hardly know what — something about Mr. Robinson.”
" Are you quite sure, ma’am ? — is not there a little mistake ? ” said Jane.	" I certainly saw Mr. Darcy speaking to her.”
" Miss Bingley told me,” said Jane, " that he never speaks much, unless among his intimate acquaintance.	With them he is remarkably agreeable.”
" I do not believe a word of it, my dear.	If he had been so
very agreeable, he would have talked to Mrs. Long.	But I can guess how it was ; everybody says that he is eat up with pride, and I dare say he had heard somehow that Mrs. Long does
Vanity and pride are different things, though the words are often used synonymously.	A person may be proud without being vain.
A person may be proud without being vain.	Pride relates more to our opinion of ourselves, vanity to what we would have others think of us.”
” If I were as rich as Mr. Darcy,” cried a young Lucas, who came with his sisters, " I should not care how proud I was.	I would keep a pack of foxhounds, and drink a bottle of wine every day.”
The ladies of Longbourn soon waited on those of Netherfield.	The visit was soon returned in due form.
In nine cases out of ten a woman s had better show more affection than she feels.	Bingley likes your sister, undoubtedly ; but he may never do more than like ^ her, if she does not help him on.”
" But she does help him on, as much as her nature will allow.	If I can perceive her regard for him, he must be a lo simpleton, indeed, not to discover it too.”
Jane should therefore make the most of every half hour in which she can command his attention.	When she is secure of him, there will be leisure for falling in love as much as she chooses.”
But these are not Jane’s feelings ; she is not acting by design.	As yet, she cannot even be certain of the degree of her own regard nor of its reasonableness.
As yet, she cannot even be certain of the degree of her own regard nor of its reasonableness.	She has known him only a fortnight.
She has known him only a fortnight.	She danced four dances with him at Meryton ; she saw him one morning at his own house, and has since dined in company with him four times.
She danced four dances with him at Meryton ; she saw him one morning at his own house, and has since dined in company with him four times.	This is not quite enough to make her understand his character.”
Happiness in marriage is entirely a matter of chance.	If the dispositions of the parties are ever so well known to each other or ever so similar beforehand, it does not advance their felicity in the least.
"You make me laugh, Charlotte ; but it is not sound.	You know it is not sound, and that you would never act in this way yourself.”
To this discovery succeeded some others equally mortifying.	Though he had detected with a critical eye more
He began to wish to know more of her, and as a step towards conversing with her himself, attended to her conversation with others.	His doing so drew her notice.
His doing so drew her notice.	It was at Sir William Lucas’s, where a large party were assembled.
" But if he does it any more I shall certainly let him know that I see what he is about.	He has a very satirical eye, and if I do not begin by being impertinent myself, I shall soon grow afraid of him.”
" What a charming amusement for young people this is, Mr. Darcy !	There is nothing like dancing, after all.
There is nothing like dancing, after all.	I consider it as one of the first refinements of polished societies.”
" Certainly, sir ; and it has the advantage also of being in vogue amongst the less polished societies of the world.	Every savage can dance.”
Sir William only smiled.	" Your friend performs delightfully,” he continued after a pause, on seeing Bingley join the group ; — ” and I doubt not that you are an adept in the science yourself, Mr. Darcy.”
” Yes, indeed, and received no inconsiderable pleasure from the sight.	Do you often dance at St. James’s ? ”
Mr. Darcy, with grave propriety, requested to be allowed the honor of her hand, but in vain.	Elizabeth was determined ; nor did Sir William at all shake her purpose by his attempt at persuasion.
Elizabeth looked archly, and turned away.	Her resistance had not injured her with the gentleman, and he was thinking of her with some complacency, when thus accosted by Miss Bingley — -
"You are considering how insupportable it would be to pass many evenings in this manner — in such society ; and indeed I am quite of your opinion.	I was never more annoyed !
I was never more annoyed !	The insipidity, and yet the noise — the nothingness, and yet the self-importance of all those people What would I give to hear your strictures on them ! ”
" Your conjecture is totally wrong, I assure you.	My mind was more agreeably engaged.
My mind was more agreeably engaged.	I have been meditating on the very great pleasure which a pair of fine eyes in the face of a pretty woman can bestow.”
Miss Bingley immediately fixed her eyes on his face, and desired he would tell her what lady had the credit of inspiring such reflections.	Mr. Darcy replied with great intrepidity —
" Miss Elizabeth Bennet I ” repeated Miss Bingley.	" I am all astonishment.
" I am all astonishment.	How long has she been such a favorite? — and pray, when am I to wish you joy ? ”
" That is exactly the question which I expected you to ask.	A lady’s imagination is very rapid; it jumps from admiration to love, from love to matrimony, in a moment.
A lady’s imagination is very rapid; it jumps from admiration to love, from love to matrimony, in a moment.	I knew you would be wishing me joy.”
" Nay, if you are serious about it, I shall consider the matter as absolutely settled.	You will have a charming mother- in-law, indeed ; and, of course, she will be always at Pemberley with you.”
Their visits to Mrs. Philips were now productive of the most interesting intelligence.	Every day added something to their knowledge of the officers’ names and connections.
Every day added something to their knowledge of the officers’ names and connections.	Their lodgings were not long a secret, and at length they began to know
the officers themselves.	Mr. Philips visited them all, and this opened to his nieces a source of felicity unknown before.
” From all that I can collect by your manner of talking, you must be two of the silliest girls in the country.	I have suspected it some time, but I am now convinced.”
I am astonished, my dear,” said Mrs. Bennet, ” that you should be so ready to think your own children silly.	If I wished to think slightingly of anybody’s children, it should not be of my own, however.”
” My dear Mr. Bennet, you must not expect such girls to have the sense of their father and mother.	When they get to our age, I dare say they will not think about officers any more than we do.
” Well, Jane, who is it from ? what is it about ? what does he say?	Well, Jane, make haste and tell us; make haste, my love.”
Come as soon as you can on the receipt of this.	My brother and the gentlemen are to dine with the officers.
" With the officers ! ” cried Lydia.	" I wonder my aunt did not tell us of that.^'
But, my dear, your father cannot spare the horses, I am sure.	They are wanted in the farm, Mr. Bennet, are not they ? ”
Her hopes were answered ; Jane had not been gone long before it rained hard.	Her sisters were uneasy for her, but her mother was delighted.
Her sisters were uneasy for her, but her mother was delighted.	The rain continued the whole evening without intermission; Jane certainly could not come back.
" This was a lucky idea of mine, indeed ” said Mrs. Bennet more than once, as if the credit of making it rain were all her own.	Till the next morning, however, she was not aware of all the felicity of her contrivance.
Till the next morning, however, she was not aware of all the felicity of her contrivance.	Breakfast was scarcely over when a servant from Netherfield brought the following note for ; Elizabeth : —
I find myself very unwell this morning, which, I suppose, is to be imputed to my getting wet through yesterday.	My kind friends will not hear of my returning home till I am better.
I Oh I am not at all afraid of her dying.	People do not
die of little trifling colds.	She will be taken good care of.
She will be taken good care of.	As long as she stays there, it is all very well.
As long as she stays there, it is all very well.	I would go and see her if I could have the carriage.”
Elizabeth, feeling really anxious, was determined to go to her, though the carriage was not to be had ; and as she was no horsewoman, walking was her only alternative.	She declared her resolution.
" How can you be so silly,” cried her mother, " as to think of such a thing, in all this dirt !	You will not be fit to be seen when you get there.”
" No, indeed.	I do not wish to avoid the walk.
I do not wish to avoid the walk.	The distance is nothing when one has a motive ; only three miles.
The distance is nothing when one has a motive ; only three miles.	I shall be back by dinner.”
” We will go as far as Meryton with you,” said Catherine and Lydia.	Elizabeth accepted their company, and the three young ladies set off together.
The former was divided between admiration of the brilliancy which exercise had given to her complexion, and doubt as to the occasion’s justifying her coming so far alone.	The latter was thinking only of his breakfast.
Her inquiries after her sister were not very favorably an- swered.	Miss Bennet had slept ill, and though up, was very feverish, and not well enough to leave her room.
her head ached acutely.	Elizabeth did not quit her room for a moment; nor were the other ladies often absent: the gentlemen being out, they had, in fact, nothing to do elsewhere.
Her manners were pronounced to be very bad indeed, a mixture of pride and impertinence ; she had no conversation, no style, no taste, no beauty.	Mrs. Hurst thought the same, and added —
" She has nothing, in short, to recommend her, but being an excellent walker.	I shall never forget her appearance this morning.
I shall never forget her appearance this morning.	She really looked almost wild.”
" She did, indeed, Louisa.	I could hardly keep my counte- nance.
I could hardly keep my counte- nance.	Very nonsensical to come at all !
Very nonsensical to come at all !	Why must she be scampering about the country, because her sister had a cold 'i Her hair, so untidy, so blowzy I ”
" Your picture may be very exact, Louisa,” said Bingley ; " but this was all lost upon me.	I thought Miss Elizabeth Bennet looked remarkably well when she came into the room this morning.
I thought Miss Elizabeth Bennet looked remarkably well when she came into the room this morning.	Her dirty petticoat quite escaped my notice.”
settled.	But with such a father and mother, and such low connections, I am afraid there is no chance of it.”
” Miss Eliza Bennet,” said Miss Bingley, " despises cards.	She is a great reader, and has no pleasure in anything else.”
Elizabeth thanked him from her heart, and then walked towards a table where a few books were lying.	He immediately offered to fetch her others — all that his library afforded.
" I am astonished,” said Miss Bingley, that my father should have left so small a collection of books.	What a delightful library you have at Pemberley, Mr. Darcy ! ”
" Neglect !	I am sure you neglect nothing that can add to the beauties of that noble place.
I am sure you neglect nothing that can add to the beauties of that noble place.	Charles, when you build your house, I wish it may be half as delightful as Pemberley.”
that neighborhood, and take Pemberley for a kind of model.	There is not a finer county in England than Derbyshire.”
" I think she will.	She is now about Miss Elizabeth Bennet’s height, or rather taller.”
” How I long to see her again !	I never met with anybody who delighted me so much.
I never met with anybody who delighted me so much.	Such a countenance, such manners ! and so extremely accomplished for her age !
Such a countenance, such manners ! and so extremely accomplished for her age !	Her performance on the pianoforte is exquisite.”
" All young ladies accomplished !	My dear Charles, what do you mean ? ”
" Yes, all of them, I think.	They all paint tables, cover screens, and net purses.
” Your list of the common extent of accomplishments,” said Darcy, ”has too much truth.	The word is applied to many a woman who deserves it no otherwise than by netting a purse or covering a screen.
The word is applied to many a woman who deserves it no otherwise than by netting a purse or covering a screen.	But I am very far from agreeing with you in your estimation of ladies in general.
But I am very far from agreeing with you in your estimation of ladies in general.	I cannot boast of knowing more than half a dozen, in the whole range of my acquaintance, that are really accomplished.”
" Indeed I have, sir,” was her answer. ” She is a great deal too ill to be moved.	Mr. Jones says we must not think of moving her.
Mr. Jones says we must not think of moving her.	We must trespass a little longer on your kindness.”
" Removed ! ” cried Bingley.	" It must not be thought of.
" It must not be thought of.	My sister, I am sure, will not hear of her removal.”
I often tell my other girls they are nothing to her.	You have a sweet ic room here, Mr. Bingley, and a charming prospect over the gravel walk.
You have a sweet ic room here, Mr. Bingley, and a charming prospect over the gravel walk.	I do not know a place in the country that is equal to Netherfield.
I do not know a place in the country that is equal to Netherfield.	You will not think of quitting it in a hurry, I hope, though you have but a short lease.”
" Whatever I do is done in a hurry,” replied he ; "and there- fore if I should resolve to quit Netherfield, I should probably be off in five minutes.	At present, however, I consider myself as quite fixed here.”
" That is as it happens.	It does not necessarily follow that a deep, intricate character is more or less estimable than such a one as yours.”
" that you were a studier of character.	It must be an amusing study.”
” Yes, but intricate characters are the most amusing.	They have at least that advantage.”
” The country,” said Darcy, ” can in general supply but few subjects for such a study.	In a country neighborhood you move in a very confined and unvarying society.”
Everybody was surprised, and Darcy, after looking at her for a moment, turned silently away.	Mrs. Bennet, who fancied she had gained a complete victory over him, continued her triumph.
" I cannot see that London has any great advantage over the country, for my part, except the shops and public places.	The country is a vast deal pleasanter, is not it, Mr. Bingley ? ”
” When I am in the country,” he replied, ” I never wish to leave it; and when I am in town it is pretty much the same.	They have each their advantages, and I can be equally happy in either.”
Aye — that is because you have the right disposition.	But that gentleman,” looking at Darcy, ” seemed to think the country was nothing at all.”
” Indeed, mamma, you are mistaken,” said Elizabeth, blush- ing for her mother.	" You quite mistook Mr. Darcy.
" You quite mistook Mr. Darcy.	He only meant that there was not such a variety of people to be met with in the country as in town, which you must acknowledge to be true.”
” Certainly, my dear, nobody said there were ; but as to not meeting with many people in this neighborhood, I believe there are few neighborhoods larger.	I know we dine with four-andtwenty families.”
keep his countenance.	His sister was less delicate, and directed her eye towards Mr. Darcy with a very expressive smile.
" No, she would go home.	I fancy she was wanted about the mince pies.
I fancy she was wanted about the mince pies.	For my part, Mr. Bingley, / always keep serv- ants that can do their own work ; my daughters are brought up differently.
But everybody is to judge for themselves, and the Lucases are a very good sort of girls, I assure you.	It is a pity they are not handsome !
It is a pity they are not handsome !	Not that I think Charlotte so very plain — but then she is our particular friend.”
" Oh ! dear, yes ; — but you must own she is very plain.	Lady Lucas herself has often said so, and envied me Jane’s beauty.
Lady Lucas herself has often said so, and envied me Jane’s beauty.	I do not like to boast of my own child, but to be sure, Jane — one does not often see anybody better looking.
I do not like to boast of my own child, but to be sure, Jane — one does not often see anybody better looking.	It is what everybody says.
It is what everybody says.	I do not trust my own partiality.
I do not trust my own partiality.	When she was only fifteen, there was a gentleman at my brother Gardiner’s in town so much in love with her that my sisterin-law was sure he would make her an offer before we came away.
When she was only fifteen, there was a gentleman at my brother Gardiner’s in town so much in love with her that my sisterin-law was sure he would make her an offer before we came away.	But, however, he did not.
But, however, he did not.	Perhaps he thought her too young.
Perhaps he thought her too young.	However, he wrote some verses on her, and very pretty they were.”
" There has been many a one, I fancy, overcome in the same way.	I wonder who first discovered the efficacy of poetry in driving away love ! ”
Of a fine, stout, healthy love it may.	Everything nourishes what is strong already.
Everything nourishes what is strong already.	But if it be only a slight, thin sort of inclination, I am convinced that one good sonnet will starve it entirely away.”
She performed her part indeed without much graciousness, but Mrs. Bennet was satisfied, and soon afterwards ordered her carriage.	Upon this signal, the youngest of her daughters put herself forward.
would be the most shameful thing in the world if he did not keep it.	His answer to this sudden attack was delightful to her mother’s ear —
" I am perfectly ready, I assure you, to keep my engagement ; and when your sister is recovered, you shall, if you please, name the very day of the ball.	But you would not wish to be dancing while she is ill.”
And when you have given your ball,” she added, ” I shall insist on their giving one also.	I shall tell Colonel Forster it will be quite a shame if he does not.”
The loo table, however, did not appear.	Mr. Darcy was writing, and Miss Bingley, seated near him, was watching the progress of his letter and repeatedly calling off his attention by messages to his sister.
"You are mistaken.	I write rather slowly.”
" I am afraid you do not like your pen.	Let me mend it for you.
Let me mend it for you.	I mend pens remarkably well.”
"Will you give me leave to defer your raptures till I write again ?	At present I have not room to do them justice.”
" Oh! it is of no consequence.	I shall see her in January.
I shall see her in January.	But do you always write such charming long letters to her, Mr. Darcy ? ”
" That will not do for a compliment to Darcy, Caroline,” cried her brother — "because he does not write with ease.	He studies too much for words of four syllables.
He studies too much for words of four syllables.	Do not you, Darcy ”
" Oh ! ” cried Miss Bingley, " Charles writes in the most careless way imaginable.	He leaves out half his words, and blots the rest.”
" Nothing is more deceitful,” said Darcy, " than the appearance of humility.	It is often only carelessness of opinion, and sometimes an indirect boast.”
"You have only proved by this,” cried Elizabeth, "that Mr. Bingley did not do justice to his own disposition.	You have shown him off now much more than he did himself.”
You expect me to account for opinions which you choose to call mine, but which I have never acknowledged.	Allowing the case, however, to stand according to your representation, you must remember.
A regard for the requester would often make one readily yield to a request, without waiting for arguments to reason one into it.	I am not particularly speaking of such a case as you have supposed about Mr. Bingley.
I am not particularly speaking of such a case as you have supposed about Mr. Bingley.	We may as well wait, perhaps, till the circumstance occurs before we discuss the discretion of his behavior thereupon.
By all means,” cried Bingley ; " let us hear all the particulars, not forgetting their comparative height and size ; for that will have more weight in the argument.	Miss Bennet, than you may be aware of.
Miss Bennet, than you may be aware of.	I assure you, that if Darcy were not such a great tall fellow, in comparison with myself, I should not pay him half so much deference.
" Perhaps I do.	Arguments are too much like disputes.
Arguments are too much like disputes.	If you and Miss Bennet will defer yours till I am out of the room, I shall be very thankful ; and then you may say whatever you like of me.”
The supposition did not pain her.	She liked him too little to care for his approbation.
After playing some Italian songs.	Miss Bingley varied the charm by a lively Scotch air ; and soon afterwards Mr. Darcy, drawing near Elizabeth, said to her —
Do not you feel a great inclination.	Miss Bennet, to seize such an opportunity of dancing a reel ? ”
She smiled, but made no answer.	He repeated the question, with some surprise at her silence.
" Oh ! yes. — Do let the portraits of your uncle and aunt Philips be placed in the gallery at Pemberley.	Put them next to your great-uncle the judge.
Put them next to your great-uncle the judge.	They are in the same profession, you know ; only in different lines.
They are in the same profession, you know ; only in different lines.	As for your Elizabeth’s picture, you must not attempt to have it taken, for what painter could do justice to those beautiful eyes ? ”
Then taking the disengaged arm of Mr. Darcy, she left Elizabeth to walk by herself.	The path just admitted three.
The path just admitted three.	Mr. Darcy felt their rudeness, and immediately said —
” This walk is not wide enough for our party.	We had better go into the avenue.”
" No, no ; stay where you are.	You are charmingly grouped, and appear to uncommon advantage.
You are charmingly grouped, and appear to uncommon advantage.	The picturesque would be spoiled by admitting a fourth.
The picturesque would be spoiled by admitting a fourth.	Good-by.”
She then ran gayly off, rejoicing, as she rambled about, in the hope of being at home again in a day or two.	Jane was already so much recovered as to intend leaving her room for a couple of hours that evening.
He then sat down by her, and talked scarcely to anyone else.	Elizabeth, at work in the opposite comer, saw it all with great delight.
She had obtained private intelli- gence that Mr. Darcy did not wish for cards ; and Mr. Hurst soon found even his open petition rejected.	She assured him that no one intended to play, and the silence of the whole party
on the subject seemed to justify her.	Mr. Hurst had, therefore, nothing to do, but to stretch himself on one of the sofas and go to sleep.
Miss Bingley made no answer, and soon afterwards got up and walked about the room.	Her figure was elegant, and she lo walked well; — but Darcy, at whom it was all aimed was still inflexibly studious.
Elizabeth was surprised, but agreed to it immediately.	Miss Bingley succeeded no less in the real object of her civility ; Mr. Darcy looked up.
Miss Bingley succeeded no less in the real object of her civility ; Mr. Darcy looked up.	He was as much awake to the novelty of attention in that quarter as Elizabeth herself could be, and unconsciously closed his book.
" Oh ! shocking I ” cried Miss Bingley.	" I never heard anything so abominable.
" I never heard anything so abominable.	How shall we punish him for such a speech ? ”
" Nothing so easy, if you have but the inclination,” said Elizabeth.	" We can all plague and punish one another.
" We can all plague and punish one another.	Tease him — laugh at him. — Intimate as you are, you must know how it is . to be done.”
" But upon my honor I do not.	I do assure you that my intimacy has not yet taught me that.
I do assure you that my intimacy has not yet taught me that.	Tease calmness of temper and presence of mindl No, no — I feel he may defy us there.
Tease calmness of temper and presence of mindl No, no — I feel he may defy us there.	And as to laughter, we will not expose ourselves, if you please, by attempting to laugh without a subject.
And as to laughter, we will not expose ourselves, if you please, by attempting to laugh without a subject.	Mr. Darcy may hug himself.”
" Mr. Darcy is not to be laughed at ! ” cried Elizabeth.	" That is an uncommon advantage, and uncommon I hope it will continue, for it would be a great loss to me to have many such acquaintance.
" That is an uncommon advantage, and uncommon I hope it will continue, for it would be a great loss to me to have many such acquaintance.	I dearly love a laugh.”
" Certainly,” replied Elizabeth — ” there are such people, but I hope I am not one of them.	I hope I never ridicule what is wise or good.
I hope I never ridicule what is wise or good.	Follies and nonsense, whims and inconsistencies.
Perhaps that is not possible for anyone.	But it has been the study of my life to avoid those weaknesses which often expose a strong understanding to ridicule.”
" Yes, vanity is a weakness indeed.	But pride — where there is a real superiority of mind, pride will be always under good regulation.”
" I am perfectly convinced by it that Mr. Darcy has no defect.	He owns it himself without disguise.”
have faults enough, but they are not, I hope, of understanding.	My temper I dare not vouch for.
My temper I dare not vouch for.	It is, I believe, too little yielding — certainly too little for the convenience of the world.
It is, I believe, too little yielding — certainly too little for the convenience of the world.	I cannot forget the follies and vices of others so soon as I ought, nor their offenses against myself.
I cannot forget the follies and vices of others so soon as I ought, nor their offenses against myself.	My feelings are not puffed about with every attempt to move them.
My feelings are not puffed about with every attempt to move them.	My temper would perhaps be called resentful. — My good opinion once lost, is lost forever.”
" That is a failing indeed ! ” — cried Elizabeth.	" Implacable resentment is a shade in a character.
" Implacable resentment is a shade in a character.	But you have chosen your fault well.
But you have chosen your fault well.	I really cannot laugh at it.
I really cannot laugh at it.	You are safe from me.”
Her sister made not the smallest objection, and the pianoforte was opened ; and Darcy, after a few moments’ recollection, was not sorry for it.	He began to feel the danger oi paying Elizabeth too much attention.
To Mr, Darcy it was welcome intelligence — Elizabeth had been at Netherfield long enough.	She attracted him more than he liked — and Miss Bingley was uncivil to her^ and more teas- ing than usual to himself.
bass and human nature ; and had some new extracts to admire, and some new observations of threadbare morality to listen to.	Catherine and Lydia had information for them of a different sort.
” Whom do you mean, my dear ?	I know of nobody that is coming, I am sure, unless Charlotte Lucas should happen to call in — and I hope wy dinners are good enough for her.
I know of nobody that is coming, I am sure, unless Charlotte Lucas should happen to call in — and I hope wy dinners are good enough for her.	I do not believe she often sees such at home.”
Mrs. Bennet’s eyes sparkled. — " A gentleman and a stran- ger !	It is Mr. Bingley, I am sure.
It is Mr. Bingley, I am sure.	Why, Jane — yoir never dropped a word of this ; you sly thing !
Why, Jane — yoir never dropped a word of this ; you sly thing !	Well, I am sure I shall be extremely glad to see Mr. Bingley. — But — good Lord how unlucky ! there is not a bit of fish to be got to-day.
Well, I am sure I shall be extremely glad to see Mr. Bingley. — But — good Lord how unlucky ! there is not a bit of fish to be got to-day.	Lydia, my love, ring the bell — I must speak to Hill this moment.”
" Oh ! my dear,” cried his wife, " I cannot bear to hear that mentioned.	Pray do not talk of that odious man.
Pray do not talk of that odious man.	I do think it
"No, that I am sure I shall not; and I think it was very impertinent of him to write to you at all, and veiy hypocritical.	I hate such false friends.
I hate such false friends.	Why could not he keep on quarreling with you, as his father did before him ? ”
"No, my dear; I think not.	I have great hopes of finding lo him quite the reverse.
I have great hopes of finding lo him quite the reverse.	There is a mixture of servility and selfimportance in his letter, which promises well.
There is a mixture of servility and selfimportance in his letter, which promises well.	I am impatient to see him.”
" In point of composition,” said Mary, " his letter does not seem defective.	The idea of the olive branch perhaps is not wholly new, yet I think it is well expressed.”
He was a tall, heavy-looking young man of five-and-twenty.	His air was grave and stately, and his manners were very formal.
doubt her seeing them all in due time well disposed of in marriage.	This gallantry was not much to the taste of some of his hearers ; but Mrs. Bennet, who quarreled with no compliments, answered most readily.
"You are very kind, I am sure; and I wish with all my heart it may prove so, for else they will be destitute enough.	Things are settled so oddly.”
"Ah! sir, I do indeed.	It is a grievous affair to my poor girls, you must confess.
It is a grievous affair to my poor girls, you must confess.	Not that I mean to find fault with you^ for such things I know are all chance in this world.
Not that I mean to find fault with you^ for such things I know are all chance in this world.	There is no knowing how estates will go when once they come to be entailed.”
But I can assure the young ladies that I come prepared to admire them.	At present I will not say more ; but, perhaps, when we are better acquainted — ”
He was interrupted by a summons to dinner; and the girls smiled on each other.	They were not the only objects of Mr. Collins’s admiration.
He begged pardon for having displeased her.	In a softened tone she declared herself not at all offended ; but he continued to apologize for about a quarter of an hour.
Lady Catherine de Bourgh’s attention to his wishes, and consideration for his comfort, appeared very remarkable.	Mr. Bennet could not have chosen better.
Mr. Bennet could not have chosen better.	Mr. Collins was eloquent in her praise.
That is all very proper and civil, I am sure,” said Mrs. Bennet, " and I 'daresay she is a very agreeable woman.	It is a pity that great ladies in general are not more like her.
It is a pity that great ladies in general are not more like her.	Does she live near you, sir ? ”
" Ah ! ” cried Mrs. Bennet, shaking her head, ” then she is better off than many girls.	And what sort of young lady is she? is she handsome?”
” She is a most charming young lady indeed.	Lady Catherine herself says that, in point of true beauty.
Lady Catherine herself says that, in point of true beauty.	Miss de Bourgh is far superior to the handsomest of her sex, because there is that in her features which marks the young woman of distinguished birth.
Has she been presented ?	I do not remember her name among the ladies at court.”
happy for you that you possess the talent of flattering with delicacy.	May I ask whether these pleasing attentions proceed from the impulse of the moment, or are the result of previous study ? ”
Kitty stared at him, and Lydia exclaimed. — Other books were produced, and after some deliberation he chose Fordyce’s Sermons.	Lydia gaped as he opened the volume, and before he had, with
" Do you know, mamma, that my uncle Philips talks of turning away Richard ; and if he does.	Colonel Forster will hire
him.	My aunt told me so herself on Saturday.
My aunt told me so herself on Saturday.	I shall walk to Mery ton to-morrow to hear more about it, and to ask when Mr. Denny comes back from town.”
It amazes me, I confess ; — for, certainly, there can be nothing so advantageous to them as instruction.	But I will no longer importune my young cousin.”
Then turning to Mr. Bennet, he offered himself as his antagonist at backgammon.	Mr. Bennet accepted the challenge, observing that he acted very wisely in leaving the girls to their own trifling amusements.
His plan did not vary on seeing them.	Miss Bennet’s lovely
Mr. Collins had only to change from Jane to Elizabeth — and it was soon done — done while Mrs. Bennet was stirring the fire.	Elizabeth, equally next to Jane in birth and beauty, succeeded her of course.
Such doings discomposed Mr. Bennet exceedingly.	In his library he had been always sure of leisure and tranquillity ; and though prepared, as he told Elizabeth, to meet with folly and conceit
In pompous nothings on his side, and civil assents on that of his cousins, their time passed till they entered Meryton.	The attention of the younger ones was then no longer to be gained by him.
On distinguishing the ladies of the group, the two gentlemen came directly towards them, and began the usual civilities.	Bingley was the principal spokesman, and Miss Bennet the principal object.
Bingley was the principal spokesman, and Miss Bennet the principal object.	He was then, he said, on his way to Longboum on purpose to inquire after her.
Both changed color, one looked white, the other red.	Mr. Wickham, after a few moments, touched his hat — a salutation which Mr. Darcy just deigned to return.
Mr. Wickham, after a few moments, touched his hat — a salutation which Mr. Darcy just deigned to return.	What could be the meaning of it? — It was impossible to imagine; it was impossible not to long to know.
of him.	She received him with her very best politeness, which || he returned with as much more, apologizing for his intrusion, f
was to have a lieutenant’s commission in the shire.	She
The prospect of such delights was very cheering, and they parted in mutual good spirits.	Mr. Collins repeated his apologies in quitting the room, and was assured with unwearying civility that they were perfectly needless.
Mr. Collins, on his return, highly gratified Mrs. Bennet by admiring Mrs. Philips’s manners and politeness.	He protested
She dared not even mention that gentleman.	Her curiosity, however, was unexpectedly relieved.
Her curiosity, however, was unexpectedly relieved.	Mr. Wickham began the subject himself.
Mr. Wickham began the subject himself.	He inquired how far Netherfield was from Meryton; and, after receiving her answer, asked in a hesitating manner how long Mr. Darcy had been staying there.
” You may well be surprised.	Miss Bennet, at such an assertion, after seeing, as you probably might, the very cold manner of our meeting yesterday. — Are you much acquainted with Mr. Darcy?”
his being agreeable or otherwise.	I am not qualified to form one.
I am not qualified to form one.	I have known him too long and too well to be a fair judge.
I have known him too long and too well to be a fair judge.	It is impossible for me to be impartial.
It is impossible for me to be impartial.	But I believe your opinion of him would in general astonish — and perhaps you would not express it quite so strongly anywhere else.
But I believe your opinion of him would in general astonish — and perhaps you would not express it quite so strongly anywhere else.	Here you are in your own family.”
”Upon my word, I say no more here than I might say in any house in the neighborhood, except Netherfield.	He is not at all liked in Hertfordshire.
He is not at all liked in Hertfordshire.	Everybody is disgusted with his pride.
Everybody is disgusted with his pride.	You will not find him more favorably spoken of by anyone.”
" I do not at all know ; but I heard nothing of his going away when I was at Netherfield.	I hope your plans in favor of the shire will not be affected by his being in the neighborhood.”
" Oh ! no — it is not for me to be driven away by Mr. Darcy.	If he wishes to avoid seeing me^ he must go.
Society, I own, is necessary to me.	I have been a disappointed man, and my spirits will not bear solitude.
I have been a disappointed man, and my spirits will not bear solitude.	I must have employment and society.
I must have employment and society.	A military life is not what I was intended for, but cir- cumstances have now made it* eligible.
tation of the best living in his gift.	He was my godfather, and excessively attached to me.
He was my godfather, and excessively attached to me.	I cannot do justice to his kindness.
I cannot do justice to his kindness.	He meant to provide for me amply, and thought he had done it ; but when the living fell, it was given elsewhere.”
I have a warm, unguarded temper, and I may perhaps have sometimes spoken my opinion of him, and to him, too freely.	I can recall nothing worse.
I can recall nothing worse.	But the fact is, that we are very different sort of men, and that he hates me.”
" Some time or other he will be — but it shall not be by me.	Till I can forget his father, I can never defy or expose him.’’
actions may be traced to pride ; — and pride has often been his best friend.	It has connected him nearer with virtue than with any other feeling.
It has connected him nearer with virtue than with any other feeling.	But we are none of us consistent, and in his behavior to me, there were stronger impulses even than pride.”
”Yes.	It has often led him to be liberal and generous, — to give his money freely, to display hospitality, to assist his tenants, and relieve the poor.
He shook his head. — "I wish I could call her amiable.	It gives me pain to speak ill of a Darcy.
It gives me pain to speak ill of a Darcy.	But she is too much like her brother, — very, very proud.
But she is too much like her brother, — very, very proud.	As a child, she was affectionate and pleasing, and extremely fond of me ; and I have devoted hours and hours to her amusement.
As a child, she was affectionate and pleasing, and extremely fond of me ; and I have devoted hours and hours to her amusement.	But she is nothing to me now.
But she is nothing to me now.	She is a handsome girl, about fifteen or sixteen, and, I understand, highly accomplished.
She is a handsome girl, about fifteen or sixteen, and, I understand, highly accomplished.	Since her father’s death, her home has been London, where a lady lives with her, and superintends her education.”
" He is a sweet-tempered, amiable, charming man.	He cannot know what Mr. Darcy is.”
" Probably not ; — but Mr. Darcy can please where he chooses.	He does not want abilities.
He does not want abilities.	He can be a convers- able companion if he thinks it worth his while.
He can be a convers- able companion if he thinks it worth his while.	Among those who are at all his equals in consequence, he is a very different man from what he is to the less prosperous.
" Lady Catherine de Bourgh,” she replied, has very lately . given him a living.	I hardly know how Mr. Collins was first introduced to her notice, but he certainly has not known her long.”
" No, indeed, I did not. — I knew nothing at all of Lady Catherine’s connections.	I never heard of her existence till the day before yesterday.”
" Her daughter.	Miss de Bourgh, will have a very large fortune, and it is believed that she and her cousin will unite the two estates.”
There could be no conversation in the noise of Mrs. Philips’s supper party, but his manners recommended him to everybody.	Whatever
he said, was said well ; and whatever he did, done gracefully.	Elizabeth went away with her head full of him.
" They have both,” said she, ” been deceived, I dare say, in some way or other, of which we can form no idea.	Interested people have perhaps misrepresented each to the other.
Interested people have perhaps misrepresented each to the other.	It is, in short, impossible for us to conjecture the causes or circumstances which may have alienated them, without actual blame on either side.”
My dearest Lizzy, do but consider in what a disgraceful light it places Mr. Darcy, to be treating his father’s favorite in such a manner, — one, whom his father had promised to provide for.	It is impossible.
It is impossible.	No man of common humanity, no man who had any value for his character, could
be capable of it.	Can his most intimate friends be so excessively deceived in him.? — oh! no.”
If it be not so, let Mr. Darcy contradict it.	Besides, there was truth in his looks.”
" It is difficult indeed — it is distressing.	One does not know what to think.”
Elizabeth felt herself completely taken in.	She had fully proposed being engaged by Mr. Wickham for those very dances ;
and to have Mr. Collins instead ! her liveliness had been never worse timed.	There was no help for it, however.
There was no help for it, however.	Mr. Wickham’s happiness and her own was perforce delayed a little longer, and Mr. Collins’s proposal accepted with as good a grace as she could.
Attention, forbearance, patience with Darcy, was injury to Wickham.	She was
He replied, and was again silent.	After a pause of some minutes, she addressed him a second time with — " It is your turn to say something now, Mr. Darcy. |
” Very well.	That reply will do for the present.
That reply will do for the present.	Perhaps by and by I may observe that private balls are much pleasanter than public ones.
Perhaps by and by I may observe that private balls are much pleasanter than public ones.	But now we may be silent.”
" Sometimes.	One must speak a little, you know.
I am sure,” said he. ” How near it may be to mme^ I cannot pretend to say.	You think it a faithful portrait undoubtedly.”
lo The effect was immediate.	A deeper shade of hauteur overspread his features, but he said not a word, and Elizabeth, though blaming herself for her own weakness, could not go on.
” I have been most highly gratified indeed, my dear sir.	Such very superior dancing is not often seen.
Such very superior dancing is not often seen.	It is evident that you belong to the first circles.
What congratulations will then flow in !	I appeal to Mr. Darcy : — but let me not interrupt you.
" I do not think we were speaking at all.	Sir William could not have interrupted any two people in the room who had less to say for themselves.
Sir William could not have interrupted any two people in the room who had less to say for themselves.	We have tried two or three subjects already without success, and what we are to talk of next I cannot imagine.”
" Books — oh ! no.	I am sure we never read the same, or not with the same feelings.”
” I am sorry you think so ; but if that be the case, there can at least be no want of subject.	We may compare our different opinions.”
Merely to the illustration of your character,” said she, endeavoring to shake off her gravity.	"I am trying to make it out.”
She shook her head, " I do not get on at all.	I hear such lo different accounts of you as puzzle me exceedingly.”
His coming into the country at all is a most insolent thing, indeed, and I wonder how he could presume to do it.	I pity you.
I pity you.	Miss Eliza, for this dis- covery of your favorite’s guilt ; but really, considering his descent, one could not expect much better.”
" I beg your pardon,” replied Miss Bingley, turning away with a sneer.	" Excuse my interference : it was kindly meant.”
" Insolent girl ! ” said Elizabeth to herself.	" You are much mistaken if you expect to influence me by such a paltry attack as this.
Mr. Wickham.	But perhaps you have been too pleasantly
young man.	I am afraid he has been very imprudent, and
" This account then is what he has received from Mr. Darcy.	I am satisfied.
I am satisfied.	But what does he say of the living ? ”
Eiizabeth listened with delight to the happy, though modest hopes which Jane entertained of Bingley’s regard, and said all in her power to heighten her confidence in it.	On their
How wonderfully these sort of things occur !	Who would have thought of my meeting with, perhaps, a nephew of Lady Catherine de Bourgh in this assembly !
" Indeed I am.	I shall entreat his pardon for not having dpne it earlier.
I shall entreat his pardon for not having dpne it earlier.	I believe him to be Lady Catherine’s nephew.
I believe him to be Lady Catherine’s nephew.	It will be in my power to assure him that her ladyship was quite well yesterday sennight.”
" I have no reason, I assure you,” said he, "to be dissatisfied w’ith my reception.	Mr. Darcy seemed much pleased with the attention.
He answered me with the utmost civility, and even paid me the compliment of saying, that he was so well convinced of Lady Catherine’s discernment as to be certain she could never bestow a favor unv/orthily.	It was
really a very handsome thought.	Upon the whole, I am much pleased with him.”
of her life.	She concluded with many good wishes that Lady ' Lucas might soon be equally fortunate, though evidently and triumphantly believing there was no chance of it.
Nothing that she could say, however, had any influence.	Her mother would talk of her views in the same intelligible tone.
Her mother would talk of her views in the same intelligible tone.	Elizabeth blushed and blushed again with shame and vexation.
She looked at her father to entreat his inter- ference, lest Mary should be singing all night.	He took the hint, and when Mary had finished her second song, said aloud,
” That will do extremely well, child.	You have delighted us long enough.
You have delighted us long enough.	Let the other young ladies have time to exhibit.”
Mary, though pretending not to hear, was somewhat dis- concerted ; and Elizabeth, sorry for her, and sorry for her father’s speech, was afraid her anxiety had done no good.	Others of the party were now applied to.
The rector of a parish has much to do. — In the first place, he must make such an agreement for tithes as may be beneficial to himself and not offensive to his patron.	He must write his own sermons ; and
There was no arguing upon such a project.	She owed her greatest relief to her friend Miss Lucas, who often joined them, and goodnaturedly engaged Mr. Collins’s conversation to herself.
Darcy said nothing at all.	Mr. Bennet, in equal silence, was enjoying the scene.
Mr. Bennet, in equal silence, was enjoying the scene.	Mr. Bingley and Jane were standing together, a little detached from the rest, and talked only to each other.
The next day opened a new scene at Longboum.	Mr. Collins made his declaration in form.
Before Elizabeth had time for anything but a blush of surprise, Mrs. Bennet instantly answered, "Oh dearl — Yes — certainly.	I am sure Lizzy will be very happy — I am sure she can have no objection.
I am sure Lizzy will be very happy — I am sure she can have no objection.	Come, Kitty, I want you upstairs.” And, gathering her work together, she was hastening away, when Elizabeth called out,
" Dear madam, do not go.	I beg you will not go.
I beg you will not go.	Mr. Collins must excuse me.
Mr. Collins must excuse me.	He can have nothing to say to me that anybody need not hear.
He can have nothing to say to me that anybody need not hear.	I am going away myself.”
down again, and tried to conceal, by incessant employment, the feelings which were divided between distress and diversion.	Mrs. Bennet and Kitty walked off, and as soon as they were gone Mr. Collins began.
This has been my motive, my fair cousin, and I flatter myself it will not sink me in your esteem.	And now nothing remains for me but to assure you in the most animated language of the violence of my affection.
” You are too hasty, sir,” she cried. ” You forget that I have made no answer.	Let me do it without further loss of time.
Let me do it without further loss of time.	Accept my thanks for the compliment you are paying me.
Accept my thanks for the compliment you are paying me.	I am very sensible of the honor of your proposals, but it is impossible for me to do otherwise than decline them.”
I do assure you that I am not one of those young ladies (if such young ladies there are) who are so daring as to risk their happiness on the chance of being asked a second time.	I am perfectly serious in my refusal.
I am perfectly serious in my refusal.	You could not make me happy, and I am convinced that I am the last woman in the world who would make you so.
You must give me leave to judge for myself, and pay me the compliment of believing what I say.	I wish you very happy and very rich, and by refusing your hand, do all in my power
Your portion is unhappily so small, that it will in all likelihood undo the effects of your loveliness and amiable qualifications.	As I must therefore conclude that you
" I do assure you, sir, that I have no pretensions whatever to that kind of elegance which consists in tormenting a respectable man.	I would rather be paid the compliment of being believed sincere.
I would rather be paid the compliment of being believed sincere.	I thank you again and again for the honor you have done me in your proposals, but to accept them is absolutely impossible.
I thank you again and again for the honor you have done me in your proposals, but to accept them is absolutely impossible.	My feelings in every respect forbid it.
My feelings in every respect forbid it.	Can I speak plainer?
Can I speak plainer?	Do not consider me now as an elegant female, intending to plague you, but as a rational creature, speaking the truth from her heart.”
" But, depend upon it, Mr. Collins,” she added, " that Lizzy shall be brought to reason.	I will speak to her about it myself directly.
I will speak to her about it myself directly.	She is a very headstrong, foolish girl, and does not know her own interest ; but I will make her know it.”
” Sir, you quite misunderstand me,” said Mrs. Bennet, alarmed.	" Lizzy is only headstrong in such matters as these.
" Lizzy is only headstrong in such matters as these.	In everything else she is as good-natured a girl as ever lived.
In everything else she is as good-natured a girl as ever lived.	I will go directly to Mr. Bennet, and we shall very soon settle it with her, I am sure.”
” I have not the pleasure of understanding you,” said he, when she had finished her speech.	" Of what are you talking ? ”
"Of Mr. Collins and Lizzy.	Lizzy declares she will not have Mr. Collins, and Mr. Collins begins to say that he will not have Lizzy.”
"And what am I to do on the occasion ?	It seems a hopeless business.”
" Speak to Lizzy about it yourself.	Tell her that you insist upon her marrying him.”
" Let her be called down.	She shall hear my opinion.”
" Come here, child,” cried her father as she appeared.	" I have sent for you on an affair of importance.
" I have sent for you on an affair of importance.	I understand that Mr. Collins has made you an offer of marriage.
I understand that Mr. Collins has made you an offer of marriage.	Is it true?” Elizabeth replied that it was.
Is it true?” Elizabeth replied that it was.	"Very well — and this offer of marriage you have refused ? ”
” Very well.	We now come to the point.
We now come to the point.	Your mother insists upon your accepting it.
Your mother insists upon your accepting it.	Is it not so, Mrs. Bennet ? ”
" An unhappy alternative is before you, Elizabeth.	From this day you must be a stranger to one of your parents.
From this day you must be a stranger to one of your parents.	Your mother will never see you again if you do not marry Mr. Collins, and I will never see you again if you
” What do you mean, Mr. Bennet, by talking in this way ?	You promised me to insist upon her marrying him.”
" My dear,” replied her husband, " I have two small favors to request.	First, that you will allow me the free use of my understanding on the present occasion ; and secondly, of my room.
First, that you will allow me the free use of my understanding on the present occasion ; and secondly, of my room.	I shall be glad to have the library to myself as soon as may be.”
Not yet, however, in spite of her disappointment in her husband, did Mrs. Bennet give up the point.	She talked to Elizabeth again and again ; coaxed and threatened her by turns.
Mr. Collins, meanwhile, was meditating in solitude on what had passed.	He thought too well of himself to comprehend on what motive his cousin could refuse him ; and though his pride was hurt, he suffered in no other way.
I have no pleasure in talking to undutiful children. — Not that I have much pleasure, indeed, in talking to anybody.	People who suffer as I do from nervous complaints can have no great inclination for talking.
People who suffer as I do from nervous complaints can have no great inclination for talking.	Nobody
can tell what I suffer ! — But it is always so.	Those who do not complain are never pitied.”
In a doleful voice Mrs. Bennet thus began the projected conversation : — ” Oh !	Mr. Collins ! ”
My dear madam,” replied he, " let us be forever silent on this point.	Far be it from me,” he presently continued, in a voice that marked his displeasure, " to resent the behavior of your daughter.
of requesting you to interpose your authority in my behalf.	My conduct may, I fear, be objectionable in having accepted my dismission from your daughter’s lips instead of your own.
My conduct may, I fear, be objectionable in having accepted my dismission from your daughter’s lips instead of your own.	But we are all liable to error.
But we are all liable to error.	I have certainly meant well through the whole affair.
The morrow produced no abatement of Mrs. Bennet’s illhumor or ill-health.	Mr. Collins was also in the same state of angry pride.
Mr. Collins was also in the same state of angry pride.	Elizabeth had hoped that his resentment might shorten his visit, but his plan did not appear in the least affected by it.
Elizabeth had hoped that his resentment might shorten his visit, but his plan did not appear in the least affected by it.	He was always to have gone on Saturday, and to Saturday he still meant to stay.
The whole party have left Netherfield by this time, and are on their way to town — and without any intention of coming back again.	You shall hear what she says.”
" Caroline decidedly says that none of the party will return into Hertfordshire this winter.	I will read it to you : —
" Why will you think so ?	It must be his own doing.
It must be his own doing.	He is his own master.
He is his own master.	But you do not know all.
But you do not know all.	I will read you the passage which particularly hurts me.
I will read you the passage which particularly hurts me.	I will have no reserves Jrom you.
” What ; think you of this sentence, my dear Lizzy ? ” said Jane as she finished it.	" Is it not clear enough ?
for him, she means (most kindly ! ) to put me on my guard ?	Can there be any other opinion on the subject ? ”
" You shall have it in a few words.	Miss Bingley sees that her brother is in love with you, and wants him to marry Miss Darcy.
Miss Bingley sees that her brother is in love with you, and wants him to marry Miss Darcy.	She follows him to town in the hope of keeping him there, and tries to persuade you that he does not care about you.”
" Indeed, Jane, you ought to believe me. — No one who has ever seen you together can doubt his affection.	Miss Bingley, I am sure, cannot.
Miss Bingley, I am sure, cannot.	She is not such a simpleton.
She is not such a simpleton.	Could she have seen half as much love in Mr. Darcy for herself, she would have ordered her wedding clothes.
" If we thought alike of Miss Bingley,” replied Jane, " your representation of all this might make me quite easy.	But I know the foundation is unjust.
But I know the foundation is unjust.	Caroline is incapable of willfully deceiving anyone ; and all that I can hope in this case is that she is deceived herself.”
” That is right. — You could not have started a more happy idea, since you will not take comfort in mine.	Believe her to be deceived, by all means.
Believe her to be deceived, by all means.	You have now done your duty by her, and must fret no longer.”
" How can you talk so ” said Jane, faintly smiling.	" You must know that though I should be exceedingly grieved at their disapprobation, I could not hesitate.”
" But if he returns no more this winter, my choice will never be required.	A thousand things may arise in six months ! ”
The Bennets were engaged to dine with the Lucases, and again during the chief of the day was Miss Lucas so kind as to listen to Mr. Collins.	Elizabeth took an opportunity of thanking her.
His reception, however, was of the most flattering kind.	Miss Lucas perceived him from an upper window as he walked towards the house, and instantly set out to meet him accidentally in the lane.
Miss Lucas perceived him from an upper window as he walked towards the house, and instantly set out to meet him accidentally in the lane.	But little had she dared to hope that so much love and eloquence awaited her there.
Charlotte herself was tolerably composed.	She had gained her point, and had time to consider of it.
She had gained her point, and had time to consider of it.	Her reflections were in general satisfactory.
Her reflections were in general satisfactory.	Mr. Collins, to be sure, was neither sensible nor agreeable ; his society was irksome, and his attachment to her must be imaginary.
Mr. Collins, to be sure, was neither sensible nor agreeable ; his society was irksome, and his attachment to her must be imaginary.	But still he would be her husband.
But still he would be her husband.	Without thinking highly either of men or of matrimony, marriage had always
here, my good sir?	You had better neglect your relations than run the risk of offending your patroness.”
But on the following morning, every hope of this kind was done away.	Miss Lucas called soon after breakfast, and in a private conference with Elizabeth related the event of the day before.
must be surprised, very much surprised — so lately as Mr. Collins was wishing to marry you.	But when you have had time to think it all over, I hope you will be satisfied with what I have done.
But when you have had time to think it all over, I hope you will be satisfied with what I have done.	J am not romantic, you know ; I never was.
Elizabeth quietly answered " Undoubtedly ; ’' — and after an awkward pause, they returned to the rest of the family.	Charlotte did not stay much longer, and Elizabeth was then left to reflect on what she had heard.
Charlotte did not stay much longer, and Elizabeth was then left to reflect on what she had heard.	It was a long time before she became at all reconciled to the idea of so unsuitable a match.
Nothing could console and nothing appease her.	Nor did that day wear out her resentment.
Mr. Collins returned most punctually on the Monday fortnight, but his reception at Longboum was not quite so gracious as it had been on his first introduction.	He was too happy,.
Mrs. Bennet was really in a most pitiable state.	The very mention of anything concerning the match threw her into an agony of ill-humor, and wherever she went she was sure of lo hearing it talked of.
The very mention of anything concerning the match threw her into an agony of ill-humor, and wherever she went she was sure of lo hearing it talked of.	The sight of Miss Lucas was odious to her.
The sight of Miss Lucas was odious to her.	As her successor in that house, she regarded her with jealous abhorrence.
" Indeed, Mr..	Bennet,” said she, " it is very hard to think that Charlotte Lucas should ever be mistress of this house, that I should be forced to make way for her^ and live to see her take my place in it ! ”
My dear, do not give way to such gloomy thoughts.	Let us hope for better things.
Let us hope for better things.	Let us flatter ourselves that I may be the survivor.”
" I cannot bear to think that they should have all this estate.	If it was not for the entail, I should not mind it.”
Elizabeth, to whom Jane very soon communicated the chief of all this, heard it in silent indignation.	Her heart was divided between concern for her sister, and resentment against all others.
Her heart was divided between concern for her sister, and resentment against all others.	To Caroline’s assertion of her brother’s being partial to Miss Darcy she paid no credit.
" Oh that my dear mother had more command over herself She can have no idea of the pain she gives me by her continual reflections on him.	But I will not repine.
But I will not repine.	It cannot last long.
” You doubt me,” cried Jane, slightly coloring ; " indeed you have no reason.	He may live in my memory as the most amiable man of my acquaintance, but that is all.
He may live in my memory as the most amiable man of my acquaintance, but that is all.	I have nothing either to hope or fear, and nothing to reproach him with.
I have nothing either to hope or fear, and nothing to reproach him with.	Thank God !
Thank God !	I have not that pain.
I have not that pain.	A little time therefore — I shall certainly try to get the better.”
” My dear Jane ! ” exclaimed Elizabeth, " you are too good.	Your sweetness and disinterestedness are really angelic ; I do
not know what to say to you.	I feel as if I had never done you justice, or loved you as you deserve.”
” Nay,” said Elizabeth, ” this is not fair.	You wish to think
all the world respectable, and are hurt if I speak ill of anybody.	I only want to think you perfect, and you set yourself against it.
I only want to think you perfect, and you set yourself against it.	Do not be afraid of my running into any excess, of my encroaching on your privilege of universal good will.
Do not be afraid of my running into any excess, of my encroaching on your privilege of universal good will.	You need lo not.
You need lo not.	There are few people whom I really love, and still fewer of whom I think well.
I have met with two instances lately, one I will not mention ; the other is Charlotte’s marriage.	It is unaccountable I In every view it is unaccountable ! ”
" My dear Lizzy, do not give way to such feelings as these.	They will ruin your happiness.
They will ruin your happiness.	You do not make allowance enough for difference of situation and temper.
You do not make allowance enough for difference of situation and temper.	Consider Mr. Collins’s respectability, and Charlotte’s prudent, steady character.
" I must think your language too strong in speaking of both,” S replied Jane ; " and I hope you will be convinced of it, by seeing them happy together.	But enough of this.
But enough of this.	You alluded to something else.
You alluded to something else.	You mentioned two instances.
You mentioned two instances.	I cannot misunderstand you, but I entreat you, dear Lizzy, not to pain me by thinking that person to blame, and saying your opinion of him is sunk.
I cannot misunderstand you, but I entreat you, dear Lizzy, not to pain me by thinking that person to blame, and saying your opinion of him is sunk.	We must not be so ready to fancy ourselves intentionally injured.
We must not be so ready to fancy ourselves intentionally injured.	We must not expect a lively young man to be always so guarded and circumspect.
We must not expect a lively young man to be always so guarded and circumspect.	It is very often nothing but our own vanity that deceives us.
It is very often nothing but our own vanity that deceives us.	Women fancy admiration means more than it does.”
" Yes ; to the last.	But if I go on, I shall displease you by saying what I think of persons you esteem.
But if I go on, I shall displease you by saying what I think of persons you esteem.	Stop me whilst you can.’’
” I cannot believe it.	Why should they try to influence him } They can only wish his happiness ; and, if he is attached to me, no other woman can secure it.”
replied Jane ; ” but this may be from better feelings than you are supposing.	They have known her much longer than they have known me ; no wonder if they love her better.
They have known her much longer than they have known me ; no wonder if they love her better.	But, whatever may be their own wishes, it is very unlikely they should lo have opposed their brother’s.
But, whatever may be their own wishes, it is very unlikely they should lo have opposed their brother’s.	What sister would think herself at liberty to do it, unless there were something very objectionable ?
What sister would think herself at liberty to do it, unless there were something very objectionable ?	If they believed him attached to me, they would not try to part us ; if he were so, they could not succeed.
If they believed him attached to me, they would not try to part us ; if he were so, they could not succeed.	By supposing such an affection, you make everybody acting unnaturally and wrong, and me most unhappy.
By supposing such an affection, you make everybody acting unnaturally and wrong, and me most unhappy.	Do not distress me by the idea.
Do not distress me by the idea.	I am not ashamed of having been mistaken — or, at least, it is slight ; it is nothing in comparison of what I should feel in thinking ill of him or his sisters.
said he one day, "your sister is crossed in love, I find.	I congratulate her.
I congratulate her.	Next to being married, a girl likes to be crossed in love a little now and then.
Next to being married, a girl likes to be crossed in love a little now and then.	It is something to think of, and gives her a sort of distinction among her companions.
It is something to think of, and gives her a sort of distinction among her companions.	When is your turn to come ?
When is your turn to come ?	You will hardly bear to be long outdone by Jane.
You will hardly bear to be long outdone by Jane.	Now is your time.
Now is your time.	Here are officers enough at Meryton to disappoint -all the young ladies in the country.
Here are officers enough at Meryton to disappoint -all the young ladies in the country.	Let Wickham be your man.
Let Wickham be your man.	He is a pleasant fellow, and would jilt you creditably.”
" Thank you, sir, but a less agreeable man would satisfy to me.	We must not all expect Jane’s good fortune.”
Between the two eldest and herself especially, there subsisted a very particular regard.	They had frequently been staying with her in town.
The first part of Mrs. Gardiner’s business on her arrival was to distribute her presents and describe the newest fashions.	When this was done, she had a less active part to play.
When this was done, she had a less active part to play.	It became her turn to listen.
It became her turn to listen.	Mrs. Bennet had many grievances
to relate, and much to complain of.	They had all been very ill-used since she last saw her sister.
They had all been very ill-used since she last saw her sister.	Two of her girls had been on the point of marriage, and after all there was nothing in it.
But Lizzy I oh, sister ! it is very hard to think that she might have been Mr. Collins’s wife by this time, had not it been for her own perverseness.	He made her an offer in this very room, and she refused him.
He made her an offer in this very room, and she refused him.	The consequence of it is, that Lady Lucas will have a daughter married before I have, and that Longbourn estate is just as much entailed as ever.
The consequence of it is, that Lady Lucas will have a daughter married before I have, and that Longbourn estate is just as much entailed as ever.	The Lucases are very artful people indeed, sister.
The Lucases are very artful people indeed, sister.	They are all for what they can get.
They are all for what they can get.	I am sorry to say it of them, but so it is.
I am sorry to say it of them, but so it is.	It makes me very nervous and poorly, to be thwarted so in my own family, and to have neighbors who think of themselves before anybody else.
When alone with Elizabeth afterwards, she spoke more on the subject.	" It seems likely to have been a desirable match for Jane,” said she.
" It seems likely to have been a desirable match for Jane,” said she.	" I am sorry it went off.
" I am sorry it went off.	But these things happen so often !
" An excellent consolation in its way,” said Elizabeth, " but it will not do for us.	We do not suffer by accident.
It is as often applied to feelings which arise from an half-hour’s acquaintance, as to a real, strong attachment.	Pray, how violent was Mr. Bingley’s love ? ”
” I never saw a more promising inclination ; he was growing quite inattentive to other people, and wholly engrossed by her.	Every time they met, it was more decided and remarkable.
Every time they met, it was more decided and remarkable.	At his own ball he offended two or three young ladies, by not asking them to dance ; and I spoke to him twice myself, without receiving an answer.
At his own ball he offended two or three young ladies, by not asking them to dance ; and I spoke to him twice myself, without receiving an answer.	Could there be finer symptoms ?
Could there be finer symptoms ?	Is not general incivility the very essence of love ? ” -
"Oh, yes! — of that kind of love which I suppose him to have felt.	Poor Jane I am sorry for her, because, with her disposition, she may not get over it immediately.
Poor Jane I am sorry for her, because, with her disposition, she may not get over it immediately.	It had better have happened to you^ Lizzy ; you would have laughed yourself out of it sooner.
It had better have happened to you^ Lizzy ; you would have laughed yourself out of it sooner.	But do you think she would be prevailed on to go back with us ?
" So much the better.	I hope they will not meet at all.
I hope they will not meet at all.	But does not Jane correspond with his sister?
But does not Jane correspond with his sister?	She will not be able to help calling.”
" You are too sensible a girl, Lizzy, to fall in love merely because you are warned against it ; and, therefore, I am not afraid of speaking openly.	Seriously, I would have you be on your guard.
Seriously, I would have you be on your guard.	Do not involve yourself or endeavor to involve him in an affection which the want of fortune would make so very imprudent.
I have nothing to say against him ; he is a most interesting young man ; and if he had the fortune he ought to have, I should think you could not do better.	But as it is, you must not let your fancy run away with you.
But as it is, you must not let your fancy run away with you.	You have sense, and we all expect you to use it.
You have sense, and we all expect you to use it.	Your father would depend on resolutiop and good conduct, I am sure.
Your father would depend on resolutiop and good conduct, I am sure.	You must not disappoint your father.”
” Well, then, you need not be under any alarm.	I will take care of myself, and of Mr. Wickham too.
I will take care of myself, and of Mr. Wickham too.	He shall not be in love with me, if I can prevent it.”
” I beg your pardon ; I will try again.	At present I am not in love with Mr. Wickham ; no, I certainly am not.
But he is, beyond all comparison, the most agreeable man I ever saw — and if he becomes really attached to me — I believe it will be better that he should not.	I see the imprudence of it. — Oh
that abominable Mr. Darcy ! — My father’s opinion of me does me the greatest honor, and I should be miserable to forfeit it.	My father, however, is partial to Mr. Wickham.
I will not be in a hurry to believe myself his first object.	When I am in company with him, I will not be wishing.
When I am in company with him, I will not be wishing.	In short, I will do my best.”
" Perhaps it will be as well if you discourage his coming here so very often.	At least, you should not remind your mother of inviting him.”
" As I did the other day,” said Elizabeth with a conscious smile : " very true, it will be wise in me to refrain from that.	But do not imagine that he is always here so often.
But do not imagine that he is always here so often.	It is on your account that he has been so frequently invited this week.
It is on your account that he has been so frequently invited this week.	You know my mother’s ideas as to ihe necessity of constant company for her friends.
You know my mother’s ideas as to ihe necessity of constant company for her friends.	But really, and upon my honor, I will try to do what I think to be the wisest ; and now I hope you are satisfied.”
^'And I have another favor to ask.	Will you come and see me?”
” I am not likely to leave Kent for some time.	Promise me, therefore, to come to Hunsford.”
” My father and Maria are to come to me in March,” added Charlotte, " and I hope you will consent to be of the party.	Indeed, Eliza, you will be as welcome to me as either of them.”
herself on every point exactly as she might have foreseen.	She wrote cheerfully, seemed surrounded with comforts, and mentioned nothing which she could not praise.
Her impatience for this second letter was as well rewarded as impatience generally is.	Jane had been a week in town without either seeing or hearing from Caroline.
Jane had been a week in town without either seeing or hearing from Caroline.	She accounted for it, however, by supposing that her last letter to her friend from Longboum had by some accident been lost.
I was right, therefore; my last letter had never reached her.	I inquired after their brother, of course.
I inquired after their brother, of course.	He was well, but so much engaged with Mr. Darcy that they scarcely ever saw him.
He was well, but so much engaged with Mr. Darcy that they scarcely ever saw him.	I found that Miss Darcy was expected to dinner.
I found that Miss Darcy was expected to dinner.	I wish I could see her.
I wish I could see her.	My visit was not long, as Caroline and Mrs. Hurst were going out.
My visit was not long, as Caroline and Mrs. Hurst were going out.	I dare say I shall soon see them here.”
Elizabeth shook her head over this letter.	It convinced her that accident only could discover to Mr. Bingley her sister’s being in town.
Four weeks passed away, and Jane saw nothing of him.	She endeavored to persuade herself that she did not regret it ; but she could no longer be blind to Miss Bingley’s inattention.
I pity, though I cannot help blaming her.	She was very wrong in singling me out as she did ; I can safely say that every advance to intimacy began on her side.
manner of talking, as if she wanted to persuade herself that he is really partial to Miss Darcy.	I cannot understand it.
I cannot understand it.	If I were not afraid of judging harshly, I should be almost tempted to say that there is a strong appearance of duplicity in all this.
But I will en- deavor to banish every painful thought, and think only of what will make me happy — your affection, and the invariable kindness of my dear uncle and aunt.	Let me hear from you very soon.
Let me hear from you very soon.	Miss Bingley said something of his never returning to Netherfield again, of giving up the house, but not with any certainty.
Miss Bingley said something of his never returning to Netherfield again, of giving up the house, but not with any certainty.	We had better not menlo tion it.
We had better not menlo tion it.	I am extremely glad that you have such pleasant accounts from our friends at Hunsford.
I am extremely glad that you have such pleasant accounts from our friends at Hunsford.	Pray go to see them, with Sir William and Maria.
Pray go to see them, with Sir William and Maria.	I am sure you will be very comfortable there. — -Yours, etc.
This letter gave Elizabeth some pain ; but her spirits returned as she considered that Jane would no longer be duped, by the sister at least.	All expectation from the brother was now absolutely over.
All expectation from the brother was now absolutely over.	She would not even wish for any renewal of his attentions.
His apparent partiality had subsided, his attentions were over, he was the admirer of some one else.	Elizabeth was watchful enough to see it all, but she could see it and write of it without material pain.
But my feelings are not only cordial towards him ; they are even impartial towards Miss King.	I cannot find out that I hate her at all, or that I am in the least unwilling to think her a very good sort of girl.
I cannot find out that I hate her at all, or that I am in the least unwilling to think her a very good sort of girl.	There can be no love in all this.
Importance may sometimes be purchased too dearly.	Kitty and Lydia take his defection much more to heart than I do.
Everything, however, went on smoothly, and was finally settled according to Charlotte’s first sketch.	She was to accom- , pany Sir William and his second daughter.
She was to accom- , pany Sir William and his second daughter.	The improvement of spending a night in London was added in time, and the plan became perfect as plan could be.
Elizabeth loved absurdities, but she had known Sir William’s too long.	He could tell her nothing new of the wonders of his presentation and knighthood ; and his civilities were worn out, like his information.
All was joy and kindness.	The day passed most pleasantly away ; the morning in bustle and shopping, and the evening at one of the theaters.
Elizabeth then contrived to sit by her aunt.	Their first subject was her sister ; and she was more grieved than astonished to hear, in reply to her minute inquiries, that though Jan^
always struggled to support her spirits, there were periods of dejection.	It was reasonable, however, to hope that they would not continue long.
” Pray, my dear aunt, what is the difference in matrimonial affairs, between the mercenary and the prudent motive ?	Where does discretion end, and avarice begin ?
" She is a very good kind of girl, I believe.	I know no harm
" No — why should he ?	If it were not allowable for him to gain my affections because I had no money, what occasion could there be for making love to a girl whom he did not care about, and who was equally poor ? ”
elegant decorums which other people may observe.	If she does not object to it, why should we ? ”
" Her not objecting does not justify him.	It only shows her being deficient in something herself — sense or feeling.”
” Well,” cried Elizabeth, " have it as you choose.	He shall be mercenary, and she shall be foolish.”
” No, Lizzy, that is what I do not choose.	I should be sorry, you know, to think ill of a young man who has lived so long in Derbyshire.”
" Oh ! if that is all, I have a very poor opinion of young men who live in Derbyshire ; and their intimate friends who live in Hertfordshire are not much better.	I am sick of them all.
I am sick of them all.	Thank Heaven !
Thank Heaven !	I am going to-morrow where I shall find a man who has not one agreeable quality, who has neither manner nor V sense to recommend him.
I am going to-morrow where I shall find a man who has not one agreeable quality, who has neither manner nor V sense to recommend him.	Stupid men are the only ones worth knowing, after all.”
No scheme could have been more agreeable to Elizabeth, and her acceptance of the invitation was most ready and grateful.	" My dear, dear aunt,” she rapturously cried, " what delight ! what felicity !
" My dear, dear aunt,” she rapturously cried, " what delight ! what felicity !	You give me fresh life and vigor.
You give me fresh life and vigor.	Adieu to disappointment and spleen.
Adieu to disappointment and spleen.	What are men to rocks and mountains ?
What are men to rocks and mountains ?	Oh ! what hours of transport we shall spend !
And when we do return, it shall not be like other travelers, without being able to give one accurate idea of anything.	We will know where we have gone — we will recollect what we have seen.
When they left the highroad for the lane to Hunsford, every eye was in search of the Parsonage, and every turning expected to bring it in view.	The paling of Rosings Park was their boundary on one side.
The paling of Rosings Park was their boundary on one side.	Elizabeth smiled at the recollection lo of all that she had heard of its inhabitants.
At length the Parsonage was discernible.	The garden sloping to the road, the house standing in it, the green pales, and the laurel hedge, everything declared they were arriving.
She had already learned that Lady Catherine was still in the country.	It was spoken of again while they were at dinner, when Mr. Collins joining in, observed —
I have scarcely any hesitation in saying that she will include you and my sister Maria in every invitation with which she honors us during your stay here.	Her behavior to my dear Charlotte is charming.
Her behavior to my dear Charlotte is charming.	We dine at Rosings twice every week, and are never allowed to walk home.
We dine at Rosings twice every week, and are never allowed to walk home.	Her ladyship’s carriage is regularly ordered for us.
Her ladyship’s carriage is regularly ordered for us.	I should say, one of her ladyship’s carriages, for she has several.”
" Very true, my dear, that is exactly what I say.	She is the sort of woman whom one cannot regard with too much deference.”
I will not tell you what it is.	Make haste, and come down this moment.”
"And is this all ? ” cried Elizabeth.	" I expected at least that the pigs were got into the garden, and here is nothing but Lady Catherine and her daughter I ’’
"La! my dear,” said Maria, quite shocked at the mistake, " it is not Lady Catherine.	The old lady is Mrs. Jenkinson, who lives with them ; the other is Miss de Bourgh.
The old lady is Mrs. Jenkinson, who lives with them ; the other is Miss de Bourgh.	Only look at her.
Only look at her.	She is quite a little creature.
She is quite a little creature.	Who would have thought she could be so thin and small ! ”
" She is abominably rude to keep Charlotte out of doors in all this wind.	Why does she not come in } ”
" Oh, Charlotte says she hardly ever does.	It is the greatest of favors when Miss de Bourgh comes in.”
" I like her appearance,” said Elizabeth, struck with other ideas. ” She looks sickly and cross.	Yes, she will do for him very well.
Yes, she will do for him very well.	She will make him a very proper wife.”
" Do not make yourself uneasy, my dear cousin, about your apparel.	Lady Catherine is far from requiring that elegance of dress in us which becomes herself and daughter.
I would advise you merely to put on whatever of your clothes is superior to the rest — there is no occasion for anything more.	Lady Catherine will not think the worse of you for being simply dressed.
Lady Catherine will not think the worse of you for being simply dressed.	She likes to have the distinction of rank preserved.”
When they ascended the steps to the hall, Maria’s alarm was every moment increasing, and even Sir William did not look perfectly calm.	Elizabeth’s courage did not fail her.
But Lady Catherine seemed gratified by their excessive admiration, and gave most gracious smiles, especially when any dish on the table proved a novelty to them.	The party did not supply much conversation.
of her cows and her poultry.	Elizabeth found that nothing was beneath this great lady’s attention, which could furnish her with an occasion of dictating to others.
you.	Our instrument is a capital one, probably superior to
You shall try it some day.	Do your sisters play and sing ? ”
" Why did not you all learn ? — You ought all to have learned.	The Miss Webbs all play, and their father has not so good an income as yours. — Do you draw ? ”
" That is very strange.	But I suppose you had no opportunity.
But I suppose you had no opportunity.	Your mother should have taken you to town every spring for the benefit of masters.”
"No governess !	How was that possible } Five daughters brought up at home without a governess !
How was that possible } Five daughters brought up at home without a governess !	I never heard of such a thing.
I never heard of such a thing.	Your mother must have been quite a slave to your education.”
" Then, who taught you ?	Who attended to you ?
Who attended to you ?	Without a * governess, you must have been neglected.”
" Compared with some families, I believe we were ; but such of us as wished to learn never wanted the means.	We were always encouraged to read, and had all the masters that were necessary.
We were always encouraged to read, and had all the masters that were necessary.	Those who chose to be idle, certainly might.”
I always say that nothing is to be done in education without steady and regular instruction, and nobody but a governess can give it.	It is wonderful how many families I have been the means of supplying in that way.
Mrs. Collins, did I tell you of Lady Metcalf’s calling yesterday to thank me ?	She finds Miss Pope a treasure. ' Lady Catherine,’ said she, ' you have given 'me a treasure.’ Are any of your younger sisters out.
She finds Miss Pope a treasure. ' Lady Catherine,’ said she, ' you have given 'me a treasure.’ Are any of your younger sisters out.	Miss Bennet ? ”
" All ! — What, all five out at once ?	Very odd ! — And you
" Yes, my youngest is not sixteen.	Perhaps s/ie is full young to be much in company.
The last-born has as good a right to the pleasures of youth as the first.	And to be kept back on such a motive !
And to be kept back on such a motive !	I think it would not be very likely to promote sisterly affection or delicacy of mind.’*
" Upon my word,” said her ladyship, ” you give your opinion very decidedly for so young a person.	Pray, what is your age ? ”
A great deal more passed at the other table.	Lady Catherine was generally speaking — stating the mistakes of the three others, or relating some anecdote of herself.
Lady Catherine was generally speaking — stating the mistakes of the three others, or relating some anecdote of herself.	Mr. Collins was employed in agreeing to everything
her ladyship said, thanking her for every fish he won, and apologizing if he thought he won too many.	Sir William did not say much.
Sir William did not say much.	He was storing his memory with anecdotes and noble .names.
the morrow.	From these instructions they were summoned by the arrival of the coach ; and with many speeches of thankfulness on Mr. Collins’s side, and as many bows on Sir William’s they departed.
In this quiet way, the first fortnight of her visit soon passed away.	Easter was approaching, and the week preceding it was to bring an addition to the family at Rosings, which in so small a circle must be important.
On the following morning he hastened to Rosings to pay his respects.	There were two nephews of Lady Catherine to require them, for Mr. Darcy had brought with him a Colonel Fitzwilliam, the
" I may thank you, Eliza, for this piece of civility.	Mr. Darcy would never have come so soon to wait upon me.”
At length, however, his civility was so far awakened as to inquire of Elizabeth after the health of her family.	She answered him in the usual way, and, after a moment’s pause, added —
” My eldest sister has been in town these three months.	Have you never happened to see her there ? ”
For the last week they had seen very little of either Lady Catherine or her daughter.	Colonel Fitzwilliam had called at the Parsonage more than once during the time, but Mr. Darcy they had only seen at church.
" What is that you are saying, Fitzwilliam ?	What is it you are talking of ?
What is it you are talking of ?	What are you telling Miss Bennet ?
What are you telling Miss Bennet ?	Let me hear what it is.”
" Of music !	Then pray speak aloud.
Then pray speak aloud.	It is of all subjects lo my delight.
It is of all subjects lo my delight.	I must have my share in the conversation if you are speaking of music.
I must have my share in the conversation if you are speaking of music.	There are few people in England, I suppose, who have more true enjoyment of music than myself, or a better natural taste.
There are few people in England, I suppose, who have more true enjoyment of music than myself, or a better natural taste.	If I had ever learned, I should have been a great proficient.
If I had ever learned, I should have been a great proficient.	And so would Anne, if her health had allowed her to apply.
And so would Anne, if her health had allowed her to apply.	I am confident that she would have performed delightfully.
I am confident that she would have performed delightfully.	How does Georgiana get on, Darcy ? ”
” I assure you, madam,” he replied, " that she does not need such advice.	She practices very constantly.”
" So much the better.	It cannot be done too much ; and when I next write to her, I shall charge her not to neglect it on any account.
It cannot be done too much ; and when I next write to her, I shall charge her not to neglect it on any account.	I often tell young ladies that no excellence in music is to be acquired without constant practice.
yhen coffee was over, Colonel Fitzwilliam reminded Elizabeth of having promised to play to him ; and she sat down directly to the instrument.	He drew a chair near her.
" You mean to frighten me, Mr. Darcy, by coming in all this state to hear me ?	But I will not be alarmed though your sister does play so well.
But I will not be alarmed though your sister does play so well.	There is a stubbornness about me that never can bear to be frightened at the will of others.
There is a stubbornness about me that never can bear to be frightened at the will of others.	My courage always rises with every attempt to intimidate me.”
"You shall hear then — but prepare yourself for something very dreadful.	The first time of my ever seeing him in Hertfordshire, you must know, was at a ball — and at this ball, what do you think he did ?
The first time of my ever seeing him in Hertfordshire, you must know, was at a ball — and at this ball, what do you think he did ?	He danced only four dances !
He danced only four dances !	I am sorry to pain you — but so it was.
I am sorry to pain you — but so it was.	He danced only four lo dances, though gentlemen were scarce ; and, to my certain knowledge, more than one young lady was sitting down in want of a partner.
He danced only four lo dances, though gentlemen were scarce ; and, to my certain knowledge, more than one young lady was sitting down in want of a partner.	Mr. Darcy, you cannot deny the fact.”
"True; and nobody can ever be introduced in a ballroom.	Well, Colonel Fitzwilliam, what do I play next ?
Well, Colonel Fitzwilliam, what do I play next ?	My fingers wait your orders.”
applying to him.	It is because he will not give himself the trouble.”
They have not the same force or rapidity, and do not produce the same expression.	But then I have always supposed it to be my own fault — because I would not take the trouble of practicing.
But then I have always supposed it to be my own fault — because I would not take the trouble of practicing.	It is not that I do not believe my fingers as capable as any other woman’s of superior execution.”
Darcy smiled and said, " You- are perfectly right.	You have employed your time much better.
You have employed your time much better.	No one admitted to the privilege of hearing you can think anything wanting.
No one admitted to the privilege of hearing you can think anything wanting.	We neither of us perform to strangers.”
Here they were interrupted by Lady Catherine, who called out to know what they were talking of.	Elizabeth immediately began playing again.
Elizabeth immediately began playing again.	Lady Catherine approached, and, after listening for a few minutes, said to Darcy —
"Miss Bennet would not play at all amiss if she practiced more, and could have the advantage of a London master.	She has a very good notion of fingering, though her taste is not equal to Anne’s.
She has a very good notion of fingering, though her taste is not equal to Anne’s.	Anne would have been a delightful performer, had her health allowed her to learn.”
It must have been a most agreeable surprise to Mr. Bingley to see you all after him so soon ; for, if I recollect right, he went but the day before.	He and his sisters were well, I hope, when you left London ? ”
" I have never heard him say so ; but it is probable that he may spend very little of his time there in future.	He has many friends, and he is at a time of life when friends and engagements are continually increasing.”
Elizabeth made no answer.	She was afraid of talking longer of his friend ; and, having nothing else to say, was now determined to leave the trouble of finding a subject to him.
He took the hint, and soon began with, This seems a very comfortable house.	Lady Catherine, I believe, did a great deal to it when Mr. Collins first came to Hunsford.”
"An easy distance, do you call it ?	It is nearly fifty miles.” "And what is fifty miles of good road?
It is nearly fifty miles.” "And what is fifty miles of good road?	Little more than half a day’s journey.
Little more than half a day’s journey.	Yes, I call it a very easy distance.”
” It is a proof of your own attachment to Hertfordshire.	Anything beyond the very neighborhood of Longboum, I suppose, would appear far.”
The far and the near must be relative, and depend on many varying circumstances.	Where there is fortune to make the expenses of traveling unimportant, distance becomes no evil.
Where there is fortune to make the expenses of traveling unimportant, distance becomes no evil.	But that is not the case here.
Mr. Darcy drew his chair a little towards her, and said, ” You cannot have a right to such very strong local attachment.	You cannot have been always at Longbourn.”
Elizabeth looked surprised.	The gentleman experienced some change of feeling ; he drew back his chair, took a newspaper from the table, and, glancing over it, said, in a colder voice —
A short dialogue on the subject of the county ensued, on either side calm and concise — and soon put an end to by the entrance of Charlotte and her sister, just returned from their walk.	The tHe-a-tHe surprised them.
The tHe-a-tHe surprised them.	Mr. Darcy related the mistake which had occasioned his intruding on Miss Bennet, and after sitting a few minutes longer without saying much to anybody, went away.
" What can be the meaning of this ? ” said Charlotte, as soon as he was gone.	" My dear Eliza, he must be in love with you, or he would never have called on us in this familiar way.”
He seldom appeared really animated.	Mrs. Collins knew not what to make of him.
effect of love, and the object of that love her friend Eliza, she set herself seriously to work to find it out.	She watched him whenever they were at Rosings, and whenever he came to Hunsford ; but without much success.
She watched him whenever they were at Rosings, and whenever he came to Hunsford ; but without much success.	He certainly looked at her friend a great deal, but the expression of that look was disputable.
How it could occur a second time, therefore, was very odd !	Yet it did, and even the third.
His words seemed to imply it.	Could he have Colonel Fitzwilliam in his thoughts ?
Could he have Colonel Fitzwilliam in his thoughts ?	She supposed, if he meant anything, he must mean an allusion to what might arise in that quarter.
She supposed, if he meant anything, he must mean an allusion to what might arise in that quarter.	It distressed her a little, and she was quite glad to find herself at the gate in the pales opposite the Parsonage.
Fitzwilliam was meeting her.	Putting away the letter immediately and forcing a smile, she said —
" I have been making the tour of the park,” he replied, "as I generally do every year, and intend to close it with a call at the Parsonage.	Are you going much farther ? ”
" Yes — if Darcy does not put it off again.	But I am at his disposal.
But I am at his disposal.	He arranges the business just as he pleases.”
" And if not able to please himself in the arrangement, he has at least great pleasure in the power of choice.	I do not know anybody who seems more to enjoy the power of doing what he likes than Mr. Darcy.”
" He likes to have his own way very well,” replied Colonel Fitzwilliam.	" But so we all do.
" But so we all do.	It is only that he has better means of having it than many others, because he is rich, and many others are poor.
It is only that he has better means of having it than many others, because he is rich, and many others are poor.	I speak feelingly.
I speak feelingly.	A younger son, you know, must be inured to self-denial and dependence.”
" In my opinion, the younger son of an earl can know very little of either.	Now, seriously, what have you ever known of self-denial and dependence ?
Now, seriously, what have you ever known of self-denial and dependence ?	When have you been prevented by want of money from going wherever you chose, or procuring anything you had a fancy for ? ”
" These are home questions — and perhaps I cannot say that I have experienced many hardships of that nature.	But in matters of greater weight, I may suffer from the want of money.
But in matters of greater weight, I may suffer from the want of money.	Younger sons cannot marry where they like.”
" I imagine your cousin brought you down with him chiefly for the sake of having somebody at his disposal.	I wonder he does not marry, to secure a lasting convenience of that kind.
I wonder he does not marry, to secure a lasting convenience of that kind.	But, perhaps, his sister does as well for the present, and, as she is under his, sole care, he' may do what he likes with her.”
" No,” said Colonel Fitzwilliam, that is an advantage which he must divide with me.	I am joined with him in the guardianship of Miss Darcy.”
” Are you indeed ?	And pray what sort of guardians do you make ?
And pray what sort of guardians do you make ?	Does your charge give you much trouble ?
Does your charge give you much trouble ?	Young ladies of her age are sometimes a little difficult to manage, and if she has the true Darcy spirit, she may like to have her own way.”
" You need not be frightened.	I never heard any harm of her ; and I dare say she is one of the most tractable creatures in the world.
I never heard any harm of her ; and I dare say she is one of the most tractable creatures in the world.	She is a very great favorite with some ladies of my acquaintance, Mrs. Hurst and Miss Bingley.
She is a very great favorite with some ladies of my acquaintance, Mrs. Hurst and Miss Bingley.	I think I have heard you say that you know them.”
” I know them a little.	Their brother is a pleasant gentlemanlike man — he is a great friend of Darcy’s.”
From something that he told me in our journey hither, I have reason to think Bingley very much indebted to him.	But I ought to beg his pardon, for I have no right to suppose that Bingley was the person meant.
But I ought to beg his pardon, for I have no right to suppose that Bingley was the person meant.	It was all conjecture.”
" He did not talk to me of his own arts,” said Fitzwilliam, smiling.	"He only told me what I have now told you.”
Elizabeth made no answer, and walked on, her heart swelling with indignation.	After watching her a little, Fitzwilliam asked her why she was so thoughtful.
" I am thinking of what you have been telling me,” said she. ” Your cousin’s conduct does not suit my feelings.	Why was he to be the judge ? ”
But,” she continued, recollecting herself, "as we know none of the particulars, it is not fair to condemn him.	It is not to be supposed that there was much affection in the case.”
It was not to be supposed that any other people could be meant than those with whom she was connected.	There could not exist in the world two men over whom Mr. Darcy could have such boundless influence.
particularly after her.	But this idea was soon banished, and her spirits were very differently affected, when, to her utter amazement, she saw Mr. Darcy walk into the room.
In a hurried manner he immediately began an inquiry after her health, im- puting his visit to a wish of hearing that she were better.	She answered him with cold civility.
She answered him with cold civility.	He sat down for a few moments, and then getting up, walked about the room.
He sat down for a few moments, and then getting up, walked about the room.	Elizabeth was surprised, but said not a word.
Elizabeth was surprised, but said not a word.	After a silence of several minutes, he came towards her in an agitated manner, and thus began —
" In vain have I struggled.	It will not do.
It will not do.	My feelings will not be repressed.
My feelings will not be repressed.	You must allow me to tell you how ardently I admire and love you.”
Elizabeth’s astonishment was beyond expression.	She stared, colored, doubted, and was silent.
She stared, colored, doubted, and was silent.	This he considered sufficient encouragement; and the avowal of all that he felt, and had long felt for her, immediately followed.
and with expressing his hope that it would now be rewarded by her acceptance of his hand.	As he said this, she could easily see that he had no doubt of a favorable answer.
As he said this, she could easily see that he had no doubt of a favorable answer.	He spoke of apprehension and anxiety, but his countenance expressed real security.
He spoke of apprehension and anxiety, but his countenance expressed real security.	Such a circumstance could only exasperate farther, and, when he ceased, the color rose into her cheeks, and she said —
It is natural that obligation should be felt, and if I could feel gratitude, I would now thank you.	But I cannot — I have never desired your good opinion, and you have certainly bestowed it most unwillingly.
But I cannot — I have never desired your good opinion, and you have certainly bestowed it most unwillingly.	I am sorry to have occasioned pain to anyone.
I am sorry to have occasioned pain to anyone.	It has been most unconsciously done, however, and I hope will be of short duration.
He was struggling for the appearance of composure, and would not open his lips till he believed himself to have attained it.	The pause was, to Elizabeth’s feelings, dreadful.
The pause was, to Elizabeth’s feelings, dreadful.	At length, in a voice of forced calmness, he said —
" And this is all the reply which I am to have the honor of expecting I might, perhaps, wish to be informed why, with so little endeavor at civility, I am thus rejected.	But it is of small importance.” Z?
even against your character ?	Was not this some excuse for incivility, if I was uncivil ?
Was not this some excuse for incivility, if I was uncivil ?	But I have other provocations.
But I have other provocations.	You know I have.
" I have every reason in the world to think ill of you.	No motive can excuse the unjust and ungenerous part you acted f/iere.
She paused, and saw with no slight indignation that he was listening with an air which proved him wholly unmoved by any feeling of remorse.	He even looked at her with a smile of affected incredulity.
my dislike is founded.	Long before it had taken place, my opinion of you was decided.
Long before it had taken place, my opinion of you was decided.	Your character was unfolded in the recital which I received many months ago from Mr. Wickham.
On this subject, what can you have to say ?	In what imaginary act of friendship can you here defend yourself ? or under what misrepresentation can you here impose upon others ? ”
" You take an eager interest in that gentleman’s concerns,” said Darcy, in a less tranquil tone, and with a heightened color.	Who that knows what his misfortunes have been, can help feeling an interest in .him ? ”
" And of your infliction,” cried Elizabeth with energy.	" You have reduced him to his present state of poverty — comparative poverty.
" You have reduced him to his present state of poverty — comparative poverty.	You have withheld the advantages which you must know to have been designed for him.
You have withheld the advantages which you must know to have been designed for him.	You have deprived the best years of his life of that independence which was no less his due than his desert.
You have deprived the best years of his life of that independence which was no less his due than his desert.	You have done all this! and yet you can treat the mention of his misfortunes with contempt and ridicule.”
" And this,” cried Darcy, as he walked with quick steps across the room, " is your opinion of me I This is the estimation in which you hold me!	I thank you for explaining it so fully.
I thank you for explaining it so fully.	My faults, according to this calculation, are heavy indeed !
But disguise of every sort is my abhorrence.	Nor am I ashamed of the feelings I related.
Nor am I ashamed of the feelings I related.	They were natural and just.
They were natural and just.	Could you expect me to rejoice in the inferiority of your connections ? — to congratulate myself on the hope of relations, whose condition in life is so decidedly beneath my own ? ”
Again his astonishment was obvious ; and he looked at her with an expression of mingled incredulity and mortification.	She went on —
" You have said quite enough, madam.	I perfectly comprehend your feelings, and have now only to be ashamed of what my own have been.
I perfectly comprehend your feelings, and have now only to be ashamed of what my own have been.	Forgive me for having taken up so much of your time, and accept my best wishes for your health and happiness.”
The tumult of her mind was now painfully great.	She knew not how to support herself, and from actual weakness sat down and cried for half an hour.
She knew not how to support herself, and from actual weakness sat down and cried for half an hour.	Her astonishment, as she reflected on what had passed, was increased by every review of it.
Her astonishment, as she reflected on what had passed, was increased by every review of it.	That
hope of meeting you.	Will you do me the honor of reading that letter ? ” And then, with a slight bow, turned again into the plantation, and was soon out of sight.
The envelope itself was likewise full.	Pursuing her way along the lane, she then began it.
Pursuing her way along the lane, she then began it.	It was dated from Rosings, at eight o’clock in the morning, and was as follows : —
has been read.	If, in the explanation of them, which is due to myself, I am under the necessity of relating feelings which may be offensive to yours, I can only say that I am sorry.
But it was not till the evening of the dance at Netherfield that I had any apprehension of his feeling a serious attachment.	I had often seen him in love before.
From that moment I observed my friend’s behavior attentively ; and I could then perceive that his partiality for Miss Bennet was beyond what I had ever witnessed in him.	Your sister I also watched.
I had myself endeavored to forget, because they were not immediately before me.	These causes must be stated, though briefly.
Pardon me.	It pains me to offend you.
We accordingly went — and there I readily engaged in the office of pointing out to my friend the certain evils of such a choice.	I described, and enforced them earnestly.
He had before believed her to return his affection with sincere, if not with equal regard.	But Bingley has great natural modesty, with a stronger dependence on my judgment than on his own.
But Bingley has great natural modesty, with a stronger dependence on my judgment than on his own.	To convince him, therefore, that he had deceived himself, was no very difficult point.
To convince him, therefore, that he had deceived himself, was no very difficult point.	To persuade him against returning into Hertfordshire, when that conviction had been given, was scarcely the work of a moment.
To persuade him against returning into Hertfordshire, when that conviction had been given, was scarcely the work of a moment.	I cannot blame myself for having done thus much.
All connection between us seemed now dissolved.	I thought too ill of him to invite him to Pemberley, or admit his society in town.
After this period every appearance of acquaintance was dropped.	How he lived I know not.
How he lived I know not.	But last summer he was again most painfully obtruded on my notice.
I must now mention a circumstance which I would wish to forget myself, and which no obligation less than the present should induce me to unfold to any human being.	Having said thus much, I feel no doubt of your secrecy.
Having said thus much, I feel no doubt of your secrecy.	My sister, who is more than ten years my junior, was left to the guardianship of my mother’s nephew.
My sister, who is more than ten years my junior, was left to the guardianship of my mother’s nephew.	Colonel Fitzwilliam, and myself.
But such as they were, it may be well supposed how eagerly she went through them, and what a contrariety of emotion they excited.	Her feelings as she read were scarcely to be defined.
He expressed no regret for what he had done which satisfied her; his style was not penitent, but haughty.	It was all pride and insolence.
Astonishment, apprehension, and even horror, oppressed her.	She
She put down the letter, weighed every circumstance with what she meant to be impartiality — deliberated on the probability of each statement — but with little success.	On both sides it was only assertion.
The extravagance and general profligacy which he scrupled not to lay to Mr. Wickham’s charge, exceedingly shocked her; the more so, as she could bring no proof of its injustice.	She
Of his former way of life nothing had been known in Hertfordshire but what he told himself.	As to his real character, had information been in her power, she lo had never felt a wish of inquiring.
As to his real character, had information been in her power, she lo had never felt a wish of inquiring.	His countenance, voice, and manner had established him at once in the possession of every virtue.
She perfectly remembered everything that had passed in conversation between Wickham and herself, in their first evening at Mr. Philips’s.	Many of his expressions were still fresh in her memory.
Many of his expressions were still fresh in her memory.	She was now struck with the impropriety of such communications to a stranger, and wondered it had escaped her before.
She grew absolutely ashamed of herself.	Of neither Darcy nor Wickham could she think without feeling that she had been blind, partial, prejudiced, absurd.
How humiliating is this discovery ! yet, how just a humiliation !	Had I been in love, I could not have been more wretchedly blind.
Had I been in love, I could not have been more wretchedly blind.	But vanity, not love, has been my folly.
Widely different was the effect of a second perusal.	How could she deny that credit to his assertions, in
Elizabeth could but just affect concern in missing him ; she really rejoiced at it.	Colonel Fitzwilliam was no longer an object ; she could think only of her letter.
Their first subject was the diminution of the Rosings party.	" I assure you, I feel it exceedingly,” said Lady Catherine ; ” I believe nobody feels the loss of friends so much as I do.
But I am particularly attached to these young men, and know them to be so much attached to me ! — They were excessively sorry to go !	But so they always are.
But so they always are.	The dear colonel rallied his spirits tolerably till just at last; but Darcy seemed to feel it most acutely, more, I think, than last year.
The dear colonel rallied his spirits tolerably till just at last; but Darcy seemed to feel it most acutely, more, I think, than last year.	His attachment to Rosings certainly increases.”
beg that you may stay a little longer.	Mrs. Collins will be very glad of your company, I am sure.”
" I am much obliged to your ladyship for your kind invitation,” replied Elizabeth, ” but it is not in my power to accept lo it.	I must be in town next Saturday.”
I expected you to stay two months.	I told Mrs. Collins so before you came.
I told Mrs. Collins so before you came.	There can be no occasion for your going so soon.
There can be no occasion for your going so soon.	Mrs. Bennet could certainly spare you for another fortnight.”
" But my father cannot.	He wrote last week to hurry my return.” |
" Oh I your father of course may spare you, if your mother ] can.	Daughters are never of so much consequence to a father. ;
Lady Catherine seemed resigned.	" Mrs. Collins, you must } send a servant with them.
" Mrs. Collins, you must } send a servant with them.	You know I always speak my mind, I and I cannot bear the idea of two young women traveling post by themselves.
You know I always speak my mind, I and I cannot bear the idea of two young women traveling post by themselves.	It is highly improper.
It is highly improper.	You must contrive to / send somebody.
You must contrive to / send somebody.	I have the greatest dislike in the world to J
that sort of thing.	Young women should always be properly guarded and attended, according to their situation in life.
Young women should always be properly guarded and attended, according to their situation in life.	When my niece Georgiana went to Ramsgate last summer, I made a point of her having two men-servants go with her.
Miss Darcy, the daughter of Mr. Darcy, of Pemberley, and Lady Anne, could not have appeared with propriety in a different manner.	I am excessively attentive to all those things.
I am excessively attentive to all those things.	You must send John with the young ladies, Mrs. Collins.
You must send John with the young ladies, Mrs. Collins.	I am glad it occurred to me to mention it; for it would really be discreditable to you to let them go alone.”
— I am very glad you have somebody who thinks of those things.	Where shall you change horses ? — Oh Bromley, of course. — If you mention my name at the Bell, you will be attended to.”
Mr. Darcy’s letter she was in a fair way of soon knowing by heart.	She studied every sentence ; and her feelings towards its writer were at times widely different.
In her own past behavior, there was a constant source of vexation and regret ; and in the unhappy defects of her family, a subject of yet heavier chagrin.	They were hopeless of remedy.
They were ignorant, idle, and vain.	While there was an officer in Meryton, they would flirt with him ; and while Meryton was within a walk of Longbourn, they would be going there forever.
The favor of your company has been much felt, assure you.	We know how little there is to tempt lo anyone to our humble abode.
Lady Catherine’s family is indeed the sort of extraordinary advantage and blessing which few can boast.	You see on what a footing we are.
You see on what a footing we are.	You see how continually we are engaged there.
You may, in fact, carry a very favorable report of us into Hertfordshire, my dear cousin.	I flatter myself at least that you will be able to do so.
Only let me assure you, my dear Miss Elizabeth, that I can from my heart most cordially wish you equal felicity in marriage.	My dear Charlotte and I have but one mind and one way of thinking.
My dear Charlotte and I have but one mind and one way of thinking.	There is in everything a most remarkable resemblance of character and ideas between us.
There is in everything a most remarkable resemblance of character and ideas between us.	We seem to have been designed for each other.”
She was not sorry, however, to have the recital of them interrupted by the entrance of the lady from whom they sprang.	Poor Charlotte ! it was melancholy to leave her to such society !
Poor Charlotte ! it was melancholy to leave her to such society !	But she had chosen it with her eyes open ; and though evidently regretting that her visitors were to go, she did not seem to ask for compassion.
" They are going to be encamped near Brighton ; and I do so want papa to take us all there for the summer !	It would be such a delicious scheme, and I dare say would hardly cost anything at all.
It would be such a delicious scheme, and I dare say would hardly cost anything at all.	Mamma would like to go too, of all things !
"Yes,” thought Elizabeth, would be a delightful scheme indeed, and completely do for us at once.	Good Heaven !
Good Heaven !	Brighton, and a whole campful of soldiers, to us, who have been overset already by one poor regiment of militia, and the monthly balls of Mery ton ! ”
"Now I have got some news for you,” said Lydia, as they sat down at table.	" What do you think ?
" What do you think ?	It is excellent news — capital news — and about a certain person that we all like ! ”
Jane and Elizabeth looked at each other, and the waiter was > told that he need not stay.	Lydia laughed, and said —
" Aye, that is just like your formality and discretion.	You thought the waiter must not hear, as if he cared !
You thought the waiter must not hear, as if he cared !	I dare say he often hears worse things said than I am going to say.
I dare say he often hears worse things said than I am going to say.	But he is an ugly fellow !
But he is an ugly fellow !	I am glad he is gone.
I am glad he is gone.	I never saw such a long chin in my life.
I never saw such a long chin in my life.	Well, but now for my news ; it is about dear Wickham ; too good for the waiter, is it not ?
Well, but now for my news ; it is about dear Wickham ; too good for the waiter, is it not ?	There is no danger of Wickham’s marrying Mary King.
There is no danger of Wickham’s marrying Mary King.	There ’s for you !
She is gone down to her uncle at Liverpool : gone to stay.	Wickham is safe.”
"I am sure there is not on his.	I will answer for it, he never cared three straws about her — who could about such a nasty little freckled thing ? ”
" How nicely we are crammed in,” cried Lydia.	" I am glad I bought my bonnet, if it is only for the fun of having another bandbox !
" I am glad I bought my bonnet, if it is only for the fun of having another bandbox !	Well, now let us be quite comfortable and snug, and talk and laugh all the way home.
Well, now let us be quite comfortable and snug, and talk and laugh all the way home.	And in the first place, let us hear what has happened to you all since you went away.
And in the first place, let us hear what has happened to you all since you went away.	Have you seen any pleasant men.?
Have you seen any pleasant men.?	Have you had any flirting?
Have you had any flirting?	I was in great hopes that one of you would have got a husband be- fore you came back.
I was in great hopes that one of you would have got a husband be- fore you came back.	Jane will be quite an old maid soon, I declare.
Jane will be quite an old maid soon, I declare.	She is almost three-and-twenty Lord, how ashamed I should be of not being married before three-and-twenty My aunt Philips wants you so to get husbands, you can’t think.
She says Lizzy had better have taken Mr. Collins ; but I do not think there would have been any fun in it.	Lord how I should like to be married before any of you ! and then I would chaperon you about to all the balls.
Lord how I should like to be married before any of you ! and then I would chaperon you about to all the balls.	Dear me ! we had such a good piece of fun the other day at Colonel Forster’s.
Not a soul knew of it, but Colonel and Mrs. Forster, and Kitty and me, except my aunt, for we were forced to borrow one of her gowns ; and you cannot imagine how well he looked !	When Denny, and Wickham,
and Pratt, and two or three more of the men came in, they did not know him in the least.	Lord how I laughed ! and so did Mrs. Forster.
Lord how I laughed ! and so did Mrs. Forster.	I thought I should have died.
I thought I should have died.	And that made the men suspect something, and then they soon found out what was the matter.”
Their reception at home was most kind.	Mrs. Bennet rejoiced to see Jane in undiminished beauty ; and more than once during dinner did Mr. Bennet say voluntarily to Elizabeth —
And then when we came away it was such fun !	I thought we never should have got into the
coach.	I was ready to die of laughter.
I was ready to die of laughter.	And then we were so merry all the way home ! we talked and laughed so loud, that anybody might have heard us ten miles off ! ”
To this Mary very gravely replied, Far be it from me, my dear sister, to depreciate such pleasures !	They would doubtless be congenial with the generality of female minds.
They would doubtless be congenial with the generality of female minds.	But I confess they would have no charms for me — I should infinitely prefer a book.”
But of this answer Lydia heard not a word.	She seldom listened to anybody for more than half a minute, and never attended to Mary at all.
It should not be said that the Miss Bennets could not be at home half a day before they were in pursuit of the officers.	There was another reason, too, for her opposition.
There was another reason, too, for her opposition.	She dreaded seeing Wickham again, and was resolved to avoid it as long as possible.
She dreaded seeing Wickham again, and was resolved to avoid it as long as possible.	The comfort to her of the regiment’s approaching removal was indeed be- yond expression.
The comfort to her of the regiment’s approaching removal was indeed be- yond expression.	In a fortnight they were to go — and once gone, she hoped there could be nothing more to plague her on his account.
" Indeed,” replied Elizabeth, " I am heartily sorry for him ; but he has other feelings, which will probably soon drive away his regard for me.	You do not blame me, however, for refusing him ? ”
" Blame you !	Oh, no.”
" This will not do,” said Elizabeth ; " you never will be able lo to make both of them good for anything.	Take your choice, but you must be satisfied with only one.
Take your choice, but you must be satisfied with only one.	There is but such a quantity of merit between them ; just enough to make one good sort of man ; and of late it has been shifting about pretty much.
" I do not know when I have been more shocked,” said she.	" Wickham so very bad !
" Wickham so very bad !	It is almost past belief.
It is almost past belief.	And poor Mr. Darcy !
And poor Mr. Darcy !	Dear Lizzy, only consider what he must have suffered.
Dear Lizzy, only consider what he must have suffered.	Such a disappointment ! and with the knowledge of your ill opinion too ! and having to relate such a thing of his sister !
Such a disappointment ! and with the knowledge of your ill opinion too ! and having to relate such a thing of his sister !	It is really too distressing.
It is really too distressing.	I am sure you must feel it so.”
seeing you so full of both.	I know you will do him such ample justice, that I am growing every moment more unconcerned and indifferent.
" There certainly was some great mismanagement in the education of those two young men.	One has got all the goodness, and the other all the appearance of it.”
" And yet I meant to be uncommonly clever in taking so decided a dislike to him, without any reason.	It is such a spur to one’s genius, such an opening for wit, to have a dislike of that kind.
" Indeed, I could not.	I was uncomfortable enough.
I was uncomfortable enough.	I was very uncomfortable, I may say unhappy.
I was very uncomfortable, I may say unhappy.	And with no one to speak to of what I felt, no Jane to comfort me and say that I had not been so very weak and vain and nonsensical as I knew I had !
And with no one to speak to of what I felt, no Jane to comfort me and say that I had not been so very weak and vain and nonsensical as I knew I had !	Oh ! how I wanted you ! ”
” Certainly.	But the misfortune of speaking with bitterness is a most natural consequence of the prejudices I had been encouraging.
But the misfortune of speaking with bitterness is a most natural consequence of the prejudices I had been encouraging.	There is one point on which I want your advice.
There is one point on which I want your advice.	I want to be told whether I ought, or ought not, to make our acquaintance in general understand Wickham’s character.”
Miss Bennet paused a little, and then replied, " Surely there can be no occasion for exposing him so dreadfully.	What is your own opinion ? ”
” That it ought not to be attempted.	Mr. Darcy has not authorized me to make his communication public.
Mr. Darcy has not authorized me to make his communication public.	On the contrary, every particular relative to his sister was meant to be kept as much as possible to myself ; and if I endeavor to
The general prejudice against Mr. Darcy is so violent, that it would be the death of half the good people in Meryton to attempt to place him in an amiable light.	I am not equal to it.
I am not equal to it.	Wickham will soon be gone ; and, therefore, it will not signify to anybody here what he really is.
Wickham will soon be gone ; and, therefore, it will not signify to anybody here what he really is.	Some time hence it will be all found out, and then we may laugh at their stupidity in not knowing it before.
Some time hence it will be all found out, and then we may laugh at their stupidity in not knowing it before.	At present I will say nothing about it.”
” You are quite right.	To have his errors made public might lo ruin him forever.
To have his errors made public might lo ruin him forever.	He is now, perhaps, sorry for what he has done, and anxious to reestablish a character.
He is now, perhaps, sorry for what he has done, and anxious to reestablish a character.	We must not make him desperate.”
She was now, on being settled at home, at leisure to observe the real state of her sister’s spirits.	Jane was not happy.
Jane was not happy.	She still cherished a very tender affection for Bingley.
" Well, Lizzy,” said Mrs. Bennet one day, " what is your opinion now of this sad business of Jane’s ?	For my part, I am determined never to speak of it again to anybody.
For my part, I am determined never to speak of it again to anybody.	I told my sister Philips so the other day.
I told my sister Philips so the other day.	But I cannot find out that Jane saw anything of him in London.
But I cannot find out that Jane saw anything of him in London.	Well, he is a very undeserving young man — and I do not suppose there ’s the least chance in the world of her ever getting him now.
" Oh, well ! it is just as he chooses.	Nobody wants him to come.
Nobody wants him to come.	Though I shall always say that he used my daughter extremely ill; and if I was her, I would not have put up with it.
" Well, Lizzy,” continued her mother, soon afterwards, " and so the Collinses live very comfortably, do they ?	Well, well, I only hope it will last.
Well, well, I only hope it will last.	And what sort of table do they keep ?
And what sort of table do they keep ?	Charlotte is an excellent manager, I dare say.
Charlotte is an excellent manager, I dare say.	If she is half as sharp as her mother, she is saving enough.
If she is half as sharp as her mother, she is saving enough.	There is nothing extravagant in f/ieir housekeeping, I dare say.”
" A great deal of good management, depend upon it.	Yes, yes.
Yes, yes.	T/iey will take care not to outrun their income.
T/iey will take care not to outrun their income.	TAey will never be distressed for money.
TAey will never be distressed for money.	Well, much good may it do
them !	And so, I suppose, they often talk of having Longbourn when your father is dead.
And so, I suppose, they often talk of having Longbourn when your father is dead.	They look upon it quite as their own, I dare say, whenever that happens.”
no doubt they often talk of it between themselves.	Well, if they can be easy with an estate that is not lawfully their own, so much the better.
Well, if they can be easy with an estate that is not lawfully their own, so much the better.	I should be ashamed of having one that was only entailed on me.”
The first week of their return was soon gone.	The second began.
The second began.	It was the last of the regiment’s stay in Meryton, and all the young ladies In the neighborhood were drooping apace.
It was the last of the regiment’s stay in Meryton, and all the young ladies In the neighborhood were drooping apace.	The dejection was almost universal.
The dejection was almost universal.	The elder Miss Bennets alone were still able to eat, drink, and sleep, and pursue the usual course of their employments.
” Good Heaven ! what is to become of us ?	What are we to do ? ” would they often exclaim in the bitterness of woe.
" I am sure,” said she, ” I cried for two days together when Colonel Miller’s regiment went away.	I thought I should have broken my heart.”
” If one could but go to Brighton ! ” observed Mrs. Bennet. ” Oh, yes ! — if one could but go to Brighton !	But papa is so disagreeable.”
Such were the kind of lamentations resounding perpetually through Longbourn House.	Elizabeth tried to be diverted by
them ; but all sense of pleasure was lost in shame.	She felt anew the justice of Mr. Darcy’s objections ; and never had she before been so much disposed to pardon his interference in the views of his friend.
"I cannot see why Mrs. Forster should not ask me as well as Lydia,” said she, ” though I am 7iot her particular friend.	I have just as much right to be asked as she has, and more, too, for I am two years older.”
her being yet more imprudent with such a companion at Brighton, where the temptations must be greater than at home.	He heard her attentively, and then said —
" Already arisen ? ” repeated Mr. Bennet. ” What, has she frightened away some of your lovers ?	Poor little Lizzy !
Poor little Lizzy !	But do not be cast down.
But do not be cast down.	Such squeamish youths as cannot bear to be connected with a little absurdity are not worth a regret.
Such squeamish youths as cannot bear to be connected with a little absurdity are not worth a regret.	Come, let me see the list of pitiful fellows who have been kept aloof by Lydia’s folly.”
” Indeed you are mistaken.	I have no such injuries to resent.
I have no such injuries to resent.	It is not of peculiar, but of general evils, which I am now complaining.
Our importance, our respectability in the world must be affected by the wild volatility, the assurance and disdain of all restraint which mark Lydia’s character.	Excuse me, — for I must speak plainly.
admiration will excite.	In this danger Kitty is also comprehended.
In this danger Kitty is also comprehended.	She will follow wherever Lydia leads.
She will follow wherever Lydia leads.	Vain, ignorant, idle, and absolutely uncontrolled !
” Do not make yourself uneasy, my love.	Wherever you and Jane are known, you must be respected and valued ; and you will not appear to less advantage for having a couple of — or I may say, three very silly sisters.
We shall have no peace at Longbourn if Lydia does not go to Brighton.	Let her go, then.
Let her go, then.	Colonel Forster is a sensible man, and will keep her out of any real mischief; and she is luckily too poor to be an object of prey to anybody.
At Brighton she will be of less importance even as a common flirt than she has been here.	The officers will find women better worth their notice.
The officers will find women better worth their notice.	Let us hope, therefore, that her being there may teach her her own insignificance.
Let us hope, therefore, that her being there may teach her her own insignificance.	At any rate, she cannot grow many degrees worse, without authorizing us to lock her up for the rest of her life.”
With this answer Elizabeth was forced to be content ; but her own opinion continued the same, and she left him disappointed and sorry.	It was not in her nature, however, to in- crease her vexations by dwelling on them.
In Lydia’s imagination, a visit to Brighton comprised every possibility of earthly happiness.	She saw, with the creative eye of fancy, the streets of that gay bathing-place covered with officers.
She saw, with the creative eye of fancy, the streets of that gay bathing-place covered with officers.	She saw herself
Elizabeth was now to see Mr. Wickham for the last time.	Having been frequently in company with him since her return, agitation was pretty well over ; the agitations of former partiality entirely so.
" Yes, very different.	But I think Mr. Darcy improves on acquaintance.”
her.	" And pray, may I ask ? ” But checking himself, he
” Oh, no I ” said Elizabeth.	" In essentials, I believe, he is
Elizabeth could not repress a smile at this, but she answered only by a slight inclination of the head.	She saw that he wanted to engage her on the old subject of his grievances, and she was in no humor to indulge him.
When the party broke up, Lydia returned with Mrs. Forster to Meryton, from whence they were to set out early the next morning.	The separation between her and her family was rather noisy than pathetic.
The separation between her and her family was rather noisy than pathetic.	Kitty was the only one who shed tears ; but she did weep from vexation and envy.
Kitty was the only one who shed tears ; but she did weep from vexation and envy.	Mrs. Bennet was diffuse in her good wishes for the felicity of her daughter.
" But it is fortunate,” thought she, that I have something to wish for.	Were the whole arrangement complete, my disappointment would be certain.
Were the whole arrangement complete, my disappointment would be certain.	But here, by carrying with me
After the first fortnight or three weeks of her absence, health, good humor, and cheerfulness began to reappear at Longboum.	Everything wore a happier aspect.
Everything wore a happier aspect.	The families who had been in town for the winter came back again, and summer finery and summer engagements arose.
But it was her business to be satisfied — and certainly her temper to be happy ; and all was soon right again.	With the mention of Derbyshire there were many ideas connected.
With the mention of Derbyshire there were many ideas connected.	It was impossible for her to see the word without thinking of Pemberley and its owner.
It was impossible for her to see the word without thinking of Pemberley and its owner.	" But surely,” said she, " I may enter his county with impunity, and rob it of a few petrified spars without his perceiving me.”
The period of expectation was now doubled.	Four weeks were to pass away before her uncle and aunt’s arrival.
Four weeks were to pass away before her uncle and aunt’s arrival.	But they did pass away, and Mr. and Mrs. Gardiner, with their four children, did at length appear at Longbourn.
It was not in their direct road, nor more than a mile or two out of it.	In talking over their route the evening before, Mrs. Gardiner expressed an inclination to see the place again.
In talking over their route the evening before, Mrs. Gardiner expressed an inclination to see the place again.	Mr. Gardiner declared his willingness, and Elizabeth was applied to for her approbation.
" My love, should not you like to see a place of which you have heard so much ? ” said her aunt ; " a place, too, with which so many of your acquaintance are connected.	Wickham passed all his youth there, you know.”
Elizabeth was distressed.	She felt that she had no business at Pemberley, and was obliged to assume a disinclination for seeing it.
Mrs. Gardiner abused her stupidity.	" If it were merely a fine house richly furnished,” said she, should not care about
it myself ; but the grounds are delightful.	They have some of the finest woods in the country.”
Elizabeth said no more — but her mind could not acquiesce.	The possibility of meeting Mr. Darcy, while viewing the place, instantly occurred.
The possibility of meeting Mr. Darcy, while viewing the place, instantly occurred.	It would be dreadful !
It would be dreadful !	She blushed at the very idea, and thought it would be better to speak openly to her aunt than to run such a risk.
The park was very large, and contained great variety of ground.	They entered it in one of its lowest points, and drove for some time through a beautiful wood stretching over a wide exteriT.
Its banks were neither formal nor falsely adorned.	Elizabeth was delighted.
Elizabeth was delighted.	She had never seen a place for which nature had done more, or where natural beauty had been so little counteracted by an awkward taste.
They descended the hill, crossed the bridge, and drove to the door ; and, while examining the nearer aspect of the house, all her apprehension of meeting its owner returned.	She
dreaded lest the chambermaid had been mistaken.	On applying to see the place, they were admitted into the hall; and Elizabeth, as they waited for the housekeeper, had leisure to wonder at her being where she was.
The housekeeper came ; a respectable-looking, elderly woman, much less fine, and more civil, than she had any notion of finding her.	They followed her into the dining parlor.
They followed her into the dining parlor.	It was a large, well-proportioned room, handsomely fitted up.
It was a large, well-proportioned room, handsomely fitted up.	Elizabeth, after slightly surveying it, went to a window to enjoy its lo prospect.
Elizabeth, after slightly surveying it, went to a window to enjoy its lo prospect.	The hill, crowned with wood, from which they had descended, receiving increased abruptness from the distance, was a beautiful object.
She longed to inquire of the housekeeper whether her master was really absent, but had not courage for it.	At length, however, the question was asked by her uncle ; and she turned
Her aunt now called her to look at a picture.	She approached and saw the likeness of Mr. Wickham suspended, among several other miniatures, over the mantelpiece.
She approached and saw the likeness of Mr. Wickham suspended, among several other miniatures, over the mantelpiece.	Her aunt asked her, smilingly, how she liked it.
"And that,” said Mrs. Reynolds, pointing to another of the miniatures, " is my master — and very like him.	It was drawn • at the same time as the other — about eight years ago.”
" I have heard much of your master’s fine person,” said Mrs. Gardiner, looking at the picture ; " it is a handsome face.	But, Lizzy, you can tell us whether it is like or not.”
"lam sure / know none so handsome ; but in the gallery upstairs you will see a finer, larger picture of him than this.	This room was my late master’s favorite room, and these miniatures are just as they used to be then.
This room was my late master’s favorite room, and these miniatures are just as they used to be then.	He was very fond of them.”
and so accomplished ! — She plays and sings all day long.	In the next room is a new instrument just come down for her — a present from my master ; she comes here to-morrow with him.”
Yes, sir; but I do not know when that will be.	I do not know who is good enough for him.”
Mr. and Mrs. Gardiner smiled.	Elizabeth could not help saying, ” It is very much to his credit, I am sure, that you should think so.”
This was praise, of all others most extraordinary, most opposite to her ideas.	That he was not a good-tempered man had been her firmest opinion.
That he was not a good-tempered man had been her firmest opinion.	Her keenest, attention was
" There are very few people of whom so much can be said.	You are lucky in having such a master.”
"Yes, sir, I know I am.	If I were to go through the world, I could not meet with a better.
Elizabeth almost stared at her.	" Can this be Mr. Darcy ? ” thought she.
Elizabeth listened, wondered, doubted, and was impatient for more.	Mrs. Reynolds could interest her on no other point.
Mrs. Reynolds could interest her on no other point.	She related the subjects of the pictures, the dimensions of the rooms, and the price of the furniture, in vain.
" that ever lived ; not like the wild young men nowadays, who think of nothing but themselves.	There is not one of his ten- ants or servants but what will give him a good name.
There is not one of his ten- ants or servants but what will give him a good name.	Some people call him proud ; but I am sure I never saw anything of it.
Some people call him proud ; but I am sure I never saw anything of it.	To my fancy, it is only because he does not rattle away like other young men.”
Mrs. Reynolds anticipated Miss Darcy’s delight, when she should enter the room.	" And this is always the way with him,” she added.
" And this is always the way with him,” she added.	" Whatever can give his sister any pleasure is sure to be done in a moment.
" Whatever can give his sister any pleasure is sure to be done in a moment.	There is nothing he would not do for her.”
In the gallery there were many family portraits, but they could have little to fix the attention of a stranger.	Elizabeth walked on in quest of the only face whose features would be known to her.
She stood several minutes before the picture, in earnest contemplation, and returned to it again before they quitted the galleiy.	Mrs. Reynolds informed them that it had been taken in his father’s lifetime.
felt in the height of their acquaintance.	The commendation bestowed on him by Mrs. Reynolds was of no trifling nature.
The commendation bestowed on him by Mrs. Reynolds was of no trifling nature.	What praise is more valuable than the praise of an intelligent servant ?
They were within twenty yards of each other, and so abrupt was his appearance that it was impossible to avoid his sight.	Their eyes instantly met, and the cheeks of each were overspread with the deepest blush.
She had instinctively turned away; but stopping on his approach, received his compliments with an embarrassment impossible to be overcome.	Had his first appearance, or his
The others then joined her, and expressed their admiration of his figure ; but Elizabeth heard not a word, and, wholly engrossed by her own feelings, followed them in silence.	She was overpowered by shame and vexation.
She was overpowered by shame and vexation.	Her coming there was the most unfortunate, the most ill-judged thing in the world !
Her coming there was the most unfortunate, the most ill-judged thing in the world !	How strange must it appear to him !
How strange must it appear to him !	In what a disgraceful light might it not strike so vain a man !
In what a disgraceful light might it not strike so vain a man !	It might seem as if she had purposely thrown herself in his way again !
It might seem as if she had purposely thrown herself in his way again !	Oh ! why did she come? or, why did he thus come a day before he was expected ?
again over the perverseness of the meeting.	And his behavior, so strikingly altered, — what could it mean?
the long range of woods overspreading many, and occasionally part of the stream.	Mr. Gardiner expressed a wish of going round the whole park, but feared it might be beyond a walk.
Mr. Gardiner expressed a wish of going round the whole park, but feared it might be beyond a walk.	With a triumphant smile, they were told that it was ten miles round.
For a few moments, indeed, she felt that he would probably strike into some other path.	The idea lasted while a turning in the walk
Elizabeth could not but be pleased, could not but triumph.	It was consoling that he should know she had some relations for whom there was no need to blush.
Mrs. Gardiner, who was walking arm and - arm with Elizabeth, gave her a look expressive of her wonder.	Elizabeth said nothing, but it gratified her exceedingly; the compliment must be all for herself.
Elizabeth said nothing, but it gratified her exceedingly; the compliment must be all for herself.	Her astonishment, however, was extreme, and continually was she repeating, " Why is he so altered ?
Her astonishment, however, was extreme, and continually was she repeating, " Why is he so altered ?	From what can it proceed ?
From what can it proceed ?	It cannot be for me — it cannot be for my sake that his manners are thus softened.
It cannot be for me — it cannot be for my sake that his manners are thus softened.	My reproofs at Hunsford could not work such a change as this.
My reproofs at Hunsford could not work such a change as this.	It is impossible that he should still love me.”
Mr. Darcy took her place by her niece, and they walked on together.	After a short silence, the lady first spoke.
They now walked on in silence, each of them deep in thought.	Elizabeth was not comfortable ; that was impossible ; but she was flattered and pleased.
Elizabeth was not comfortable ; that was impossible ; but she was flattered and pleased.	His wish of introducing his sister to her was a compliment of the highest kind.
His wish of introducing his sister to her was a compliment of the highest kind.	They soon outstripped the others, and when they had reached the carriage, Mr. and Mrs. Gardiner were half a quarter of a mile behind.
At such a time much might have been said, and silence was very awkward.	She wanted to talk, but there seemed an embargo on every subject.
She wanted to talk, but there seemed an embargo on every subject.	At last she recollected that she had been traveling, and they talked of Matlock and Dovedale with great perseverance.
side with the utmost politeness.	Mr. Darcy handed the ladies into the carriage ; and when it drove off, Elizabeth saw him walking slowly towards the house.
The observations of her uncle and aunt now began ; and each of them pronounced him to be infinitely superior to anything they had expected.	" He is perfectly well behaved, polite, and unassuming,’’ said her uncle.
"I was never more surprised than by his behavior to us.	It was more than civil; it was really attentive; and there was no necessity for such attention.
It was more than civil; it was really attentive; and there was no necessity for such attention.	His acquaintance with Elizabeth was very trifling.”
" From what we have seen of him,” continued Mrs. Gardiner,.	" I really should not have thought that he could have behaved in so cruel a way by anybody as he has done by poor Wickham.
" I really should not have thought that he could have behaved in so cruel a way by anybody as he has done by poor Wickham.	He has not an ill-natured look.
He has not an ill-natured look.	On the contrary, there is something pleasing about his mouth when he speaks.
And there is something of dignity in his countenance, that would not give one an unfavorable idea of his heart.	But, to be sure, the good lady who showed us the house did give him a most flaming character !
But, to be sure, the good lady who showed us the house did give him a most flaming character !	I could hardly help laughing aloud sometimes.
I could hardly help laughing aloud sometimes.	But he is a liberal master, I suppose, and that in the eye of a servant comprehends every virtue.”
Miss Darcy and her brother appeared, and this formidable introduction took place.	With astonishment did Elizabeth see that her new acquaintance was at least as much embarrassed as herself.
To Mr. and Mrs. Gardiner he was scarcely a less interesting personage than to herself.	They had long wished to see him.
But, though this might be imaginary, she could not be deceived as to his behavior to Miss Darcy, who had been set up as a rival to Jane.	No look appeared on either side that spoke particular regard.
No look appeared on either side that spoke particular regard.	Nothing occurred between them that could justify the hopes of his sister.
reply, he added, "It is above eight months.	We have not met since the 26th of November, when we were all dancing together at Netherfield.”
and Miss Bennet to dinner at Pemberley, before they left the country.	Miss Darcy, though with a diffidence which marked her little in the habit of giving invitations, readily obeyed.
It was evident that she was much better acquainted with Mr. Darcy than they had before any idea of ; it was evident that he was very much in love with her.	They saw much to interpret, but nothing to justify inquiry.
She certainly did not hate him.	No ; hatred had vanished long ago, and she had almost as long been ashamed of ever feeling a dislike against him, that could be so called.
They were, therefore, to go. — Elizabeth was pleased ; though when she asked herself the reason, she had very little to say in reply.	Mr. Gardiner left them soon after breakfast.
Mr. Gardiner left them soon after breakfast.	The fishing scheme had been renewed the day before, and a positive engagement made of his meeting some of the gentlemen at Pemberley by noon.
Her own thoughts were employing her.	She expected every moment that some of the gentlemen would enter the room.
from Mery ton ?	They must be a great loss X.o your family.”
Miss Bingley was venting her feelings in criticisms on Elizabeth’s person, behavior, and dress.	But Georgiana would not join her.
" For my own part,” she rejoined, ” I must confess that I never could see any beauty in her.	Her face is too thin ; her complexion has no brilliancy ; and her features are not at all handsome.
Her face is too thin ; her complexion has no brilliancy ; and her features are not at all handsome.	Her nose wants character — there is nothing marked in its lines.
Since writing the above, dearest Lizzy, something has occurred of a most unexpected and serious nature ; but I am afraid of alarming you — be assured that we are all well.	What I have to say relates to poor Lydia.
An express came at twelve last night, just as we were all gone to bed, from Colonel Forster, to inform us that she was gone off to Scotland with one of his officers ; to own the truth, with Wickham!	Imagine our surprise.
Imagine our surprise.	To Kitty, however, it does not seem so wholly unexpected.
To Kitty, however, it does not seem so wholly unexpected.	I am very, very sorry.
I am very, very sorry.	So imprudent a match on both sides I But I am willing to hope the best, and that his character has been misunderstood.
Thoughtless and indiscreet I can easily believe him, but this step (and let us rejoice over it) marks nothing bad at heart.	His choice is disinterested at least, for he
must know my father can give her nothing.	Our poor mother is sadly grieved.
Our poor mother is sadly grieved.	My father bears it better.
My father bears it better.	How thankful am I that we never let them know what has been said against him !
How thankful am I that we never let them know what has been said against him !	We must forget it ourselves.
We must forget it ourselves.	They were off Saturday night about twelve, as is conjectured, but were not missed till yesterday morning at eight.
They were off Saturday night about twelve, as is conjectured, but were not missed till yesterday morning at eight.	The express was sent off directly.
The express was sent off directly.	My dear Lizzy, they must have passed within ten miles of us.
My dear Lizzy, they must have passed within ten miles of us.	Colonel Forster gives us reason to expect him here soon.
Colonel Forster gives us reason to expect him here soon.	Lydia left a few lines for his wife, informing her of their intention.
Lydia left a few lines for his wife, informing her of their intention.	I must conclude, for I cannot be long from my poor mother.
I must conclude, for I cannot be long from my poor mother.	I am afraid you will not be able to make it out, but I hardly know what I have written.
All that is known after this is, that they were seen to continue the London road.	I know not what to think.
I know not what to think.	After making every possible inquiry on that side London, Colonel F. came on into Hertfordshire,
With the kindest concern he came on to Longbourn, and broke his apprehensions to us in a manner most creditable to his heart.	I am sincerely grieved for him and Mrs. F., but no one can throw any blame on them.
I am sincerely grieved for him and Mrs. F., but no one can throw any blame on them.	Our distress, my dear Lizzy, is very great.
Our distress, my dear Lizzy, is very great.	My father and mother believe the worst, but I cannot think so ill of him.
Impossible!	I grieve to find, however, that Colonel F. is not disposed to depend upon their marriage ; he shook his head when I expressed my hopes, and said he feared W. was not a man to be trusted.
My poor mother is really ill, and keeps her room.	Could she exert herself, it would be better; but this is not to be expected.
Could she exert herself, it would be better; but this is not to be expected.	And as to my father, I never in my life saw him so affected.
And as to my father, I never in my life saw him so affected.	Poor Kitty has anger for having concealed their attachment ; but as it was a matter of confidence, one cannot wonder.
I know my dear uncle and aunt so well, that I am not afraid of requesting it, though I have still something more to ask of the former.	My father is going to London with Colonel Forster instantly, to try to discover her.
herself.	" There is nothing the matter with me.
" There is nothing the matter with me.	I am quite well; I am only distressed by some dreadful news which I have just received from Longbourn.”
She burst into tears as she alluded to it, and for a few minutes could not speak another word.	Darcy, in wretched suspense, could only say something indistinctly of his concern, and observe her in compassionate silence.
Darcy, in wretched suspense, could only say something indistinctly of his concern, and observe her in compassionate silence.	At length she spoke again. ” I have just had a letter from Jane, with such dreadful
news.	It cannot be concealed from anyone.
It cannot be concealed from anyone.	My youngest sister has left all her friends — has eloped ; — has thrown herself into the power of — of Mr. Wickham.
My youngest sister has left all her friends — has eloped ; — has thrown herself into the power of — of Mr. Wickham.	They are gone off together from Brighton.
They are gone off together from Brighton.	You know him too well to doubt the rest.
You know him too well to doubt the rest.	She has no money, no connections, nothing that can tempt him to — she is lost forever.”
Darcy was fixed in astonishment.	" When I consider,” she added in a yet more agitated voice, " that I might have prevented it ! who knew what he was.
Had I but explained some part of it only — some part of what I learned — to my own family Had his character been known, .this could not have happened.	But it is all — all too late now.”
" I am grieved indeed,” cried Darcy ; " grieved — shocked.	But is it certain — absolutely certain ? ”
My father is gone to London, and Jane has written to beg my uncle’s immediate assistance ; and we shall be off, I hope, in half an hour.	But nothing can be done — I know very well that nothing can be done.
But nothing can be done — I know very well that nothing can be done.	How is such a man to be worked on?
How is such a man to be worked on?	How are they even to be discovered?
How are they even to be discovered?	I have not the smallest hope.
I have not the smallest hope.	It is every way horrible ! ”
When my eyes were opened to his real character — Oh ! had I known what I ought, what I dared to do !	But I knew not — I was afraid of doing too much.
But I knew not — I was afraid of doing too much.	Wretched, wretched mistake ! ”
Darcy made no answer.	He seemed scarcely to hear her, and was walking up and down the room in earnest meditation, his brow contracted, his air gloomy.
He seemed scarcely to hear her, and was walking up and down the room in earnest meditation, his brow contracted, his air gloomy.	Elizabeth soon observed,
and instantly understood it.	Her power was sinking ; everything must sink under such a proof of family weakness, such an assurance of the deepest disgrace.
” Oh yes.	Be so kind as to apologize for us to Miss Darcy.
Say that urgent business calls us home immediately.	Conceal the unhappy truth as long as it is possible, — I know it cannot be long.”
Never, since reading Jane’s second letter, had she entertained a hope of Wickham’s meaning to marry her.	No one but Jane, she thought, could flatter herself with such an expectation.
No one but Jane, she thought, could flatter herself with such an expectation.	Surprise was the least of her feelings on this development.
Sometimes one officer, sometimes another, had been her favorite, as their attentions raised them in her opinion.	Her affections had been continually fluctuating, but never without an object.
Mr. and Mrs. Gardiner could not but be deeply afflicted.	Not Lydia only, but all were concerned in it; and after the first exclamations of surprise and horror, Mr. Gardiner readily promised every assistance in his power.
Elizabeth, though expecting no less, thanked him with tears of gratitude ; and all three being actuated by one spirit, everything relating to their journey was speedily settled.	They were to be off as soon as possible.
They were to be off as soon as possible.	" But what is to be done about Pemberley ? ” cried Mrs. Gardiner.
" But what is to be done about Pemberley ? ” cried Mrs. Gardiner.	"John told us Mr. Darcy was here when you sent for us ; — was it so ? ”
^'Yes; and I told him we should not be able to keep our engagement.	That is all settled.”
" What is all settled ? ” repeated the other, as she ran into her room to prepare.	"And are they upon such terms as for her to disclose the real truth ?
"And are they upon such terms as for her to disclose the real truth ?	Oh, that I knew how it was ! ”
Could he expect that her friends would not step forward ?	Could he expect to be noticed again by the regiment, after such an affront to Colonel Forster ?
Could he expect to be noticed again by the regiment, after such an affront to Colonel Forster ?	His temptation is not adequate to the risk ! ”
“ Upon my word,” said Mrs. Gardiner, " I begin to be of your uncle’s opinion.	It is really too great a violation of decency, honor, and interest, for him to be guilty of it.
It is really too great a violation of decency, honor, and interest, for him to be guilty of it.	I cannot think so very ill of Wickham.
I cannot think so very ill of Wickham.	Can you yourself, Lizzy, so wholly give him up, as to believe him capable of it ? ”
” Not, perhaps, of neglecting his own interest ; but of every other neglect I can believe him capable.	If, indeed, it should be so !
If, indeed, it should be so !	But I dare not hope it.
But I dare not hope it.	Why should they not go on to Scotland, if that had been the case ? ”
coach is such a presumption !	And, besides, no traces of them were to be found on the Barnet road.”
" Well, then — supposing them to be in London.	They may be there, though for the purpose of concealment, for no more exceptionable purpose.
" But why all this secrecy } Why any fear of detection ?	Why must their marriage be private } Oh, no, no — this is not likely.
Why must their marriage be private } Oh, no, no — this is not likely.	His most particular friend, you see by Jane’s account, was persuaded of his never intending to marry her.
His most particular friend, you see by Jane’s account, was persuaded of his never intending to marry her.	Wickham will never marry a woman without some money.
Wickham will never marry a woman without some money.	He cannot afford it.
He cannot afford it.	And what claims has Lydia — what attractions has she beyond youth, health, and good humor that could make him, for her sake, forego every chance of benefiting himself by marrying well ?
" It does seem, and it is most shocking indeed,” replied Elizabeth, with tears in her eyes, " that a sister’s sense of decency and virtue in such a point should admit of doubt.	But, really, I know not what to say.
But, really, I know not what to say.	Perhaps I am not doing her justice.
Perhaps I am not doing her justice.	But she is very young ; she has never been taught to think on serious subjects; and for the last half year, nay,
for a twelvemonth — she has been given up to nothing but amusement and vanity.	She has been allowed to dispose of her time in the most idle and frivolous manner, and to adopt
any opinions that came in her way.	Since the shire
" Of whom does Jane ever think ill ?	And who is there, what- ever might be their former conduct, that she would believe capable of such an attempt, till it were proved against them ?
And who is there, what- ever might be their former conduct, that she would believe capable of such an attempt, till it were proved against them ?	But Jane knows, as well as I do, what Wickham really is.
From what he said of Miss Darcy, I was thoroughly prepared to see a proud, reserved, disagreeable girl.	Yet he knew to the contrary himself.
Yet he knew to the contrary himself.	He must know that she was as amiable and unpretending as we have found her.”
" But does Lydia know nothing of this ?	Can she be ignorant of what you and Jane seem so well to understand ? ”
” Oh yes ! — that, that is the worst of all.	Till I was in Kent, and saw so much both of Mr. Darcy and his relation.
Till I was in Kent, and saw so much both of Mr. Darcy and his relation.	Colonel Fitzwilliam, I was ignorant of the truth myself.
Colonel Fitzwilliam, I was ignorant of the truth myself.	And
That she could be in any danger from the deception never entered my head.	That such a consequence as this should ensue, you may easily believe, was far enough from my thoughts.”
"Not the slightest.	I can remember no symptom of affection on either side ; and had anything of the kind been perceptible, you must be aware that ours is not a family on which it could be thrown away.
them from it long during the whole of the journey.	From Elizabeth’s thoughts it was never absent.
From Elizabeth’s thoughts it was never absent.	Fixed there by the keenest of all anguish, selFreproach, she could find no interval of ease or forgetfulness.
"Not yet,” replied Jane.	"But now that my dear uncle is come, I hope everything will be well.”
" We have heard only once.	He wrote me a few lines on Wednesday, to say that he had arrived in safety, and to give me his directions, which I particularly begged him to do.
"And my mother — how is she ?	How are you all ? ”
greatly shaken.	She is upstairs, and will have great satisfaction in seeing you all.
She is upstairs, and will have great satisfaction in seeing you all.	She does not yet leave her dressing room.
She does not yet leave her dressing room.	Mary and Kitty, thank Heaven, are quite well.”
” But you — how are you?” cried Elizabeth.	"You look pale.
"You look pale.	How much you must have gone through ! ”
Why did the Forsters ever let her go out of their sight ?	I am sure there was some great neglect or other on their side, for she is not the kind of girl to do such a thing if she had been well looked
after.	I always thought they were very unfit to have the charge of her ; but I was overruled, as I always am.
I always thought they were very unfit to have the charge of her ; but I was overruled, as I always am.	Poor dear child !
Poor dear child !	And now here ’s Mr. Bennet gone away, and I know he will fight Wickham, wherever he meets him ; and then he will be killed, and what is to become of us all ?
" Do not give way to useless alarm,” added he ; " though it is right to be prepared for the worst, there is no occasion to look on it as certain.	It is not quite a week since they left Brighton.
It is not quite a week since they left Brighton.	In a few days more we may gain some news of them ; and till we know that they are not married, and have no design of marrying, do not let us give the matter over as lost.
" Oh ! my dear brother,” replied Mrs. Bennet, " that is exactly what I could most wish for.	And now do, when you get to town, find them out, wherever they may be ; and if they are not married already, ma^e them marry.
And as for wedding clothes, do not let them wait for that, but tell Lydia she shall have as much money as she chooses to buy them, after they are married.	And, above all things, keep Mr. Bennet from fighting.
any directions about her clothes till she has seen me, for she does not know which are the best warehouses.	Oh, brother, how kind you are !
Oh, brother, how kind you are !	I know you will contrive it all.”
In the dining room they were soon joined by Mary and Kitty, who had been too busily engaged in their separate apartments to make their appearance before.	One came from her books, and the other from her toilet.
” This is a most unfortunate affair, and will probably be much talked of.	But we must stem the tide of malice, and pour into the wounded bosoms of each other the balm of sisterly consolation.”
Elizabeth lifted up her eyes in amazement, but was too much oppressed to make any reply.	Mary, however, continued to console herself with such kind of moral extractions from the evil before them.
Give me further particulars.	What did Colonel Forster say ?
What did Colonel Forster say ?	Had they no apprehension of anything before the elopement took place.?
Had they no apprehension of anything before the elopement took place.?	They must have seen them together forever.”
" Colonel Forster did own that he had often suspected some partiality, especially on Lydia’s side, but nothing to give him any alarm.	I am so grieved for him !
I am so grieved for him !	His behavior was atten- tive and kind to the utmost.
" And was Denny convinced that Wickham would not marry ?	Did he know of their intending to go off ?
Did he know of their intending to go off ?	Had Colonel Forster seen Denny himself ? ”
about it.	He did not repeat his persuasion of their not marrying— and from that^ I am inclined to hope, he might have been misunderstood before.”
" And did Colonel Forster appear to think ill of Wickham himself ?	Does he know his real character ? ”
" I must confess that he did not speak so well of Wickham as he formerly did.	He believed him to be imprudent and extravagant.
He believed him to be imprudent and extravagant.	And since this sad affair has taken place, it is said that he left Meryton greatly in debt ; but I hope this may be false.”
" Perhaps it would have been better,” replied her sister.	" But to expose the former faults of any person without knowing what their present feelings were, seemed unjustifiable.
" But to expose the former faults of any person without knowing what their present feelings were, seemed unjustifiable.	We I acted with the best intentions.”
Jane then took it from her pocketbook, and gave it to Elizabeth.	These were the contents —
I can hardly write for laughing.	Pray make my excuses to Pratt for not keeping my engagement, and dancing with him to-night.
I shall send for my clothes when I get to Longbourn ; but I wish you would tell Sally to mend a great slit in my worked muslin gown before they are packed up.	Good-by.
Good-by.	Give my love to Colonel Forster.
Give my love to Colonel Forster.	I hope you will drink to our good journey. — Your affectionate friend,
" Oh ! thoughtless, thoughtless Lydia ! ” cried Elizabeth when she had finished it.	What a letter is this, to be written at such a moment !
What a letter is this, to be written at such a moment !	But at least it shows that she was serious in the object of her journey.
But at least it shows that she was serious in the object of her journey.	Whatever he might afterwards persuade her to, it was not on her side a scheme of infamy.
Whatever he might afterwards persuade her to, it was not on her side a scheme of infamy.	My poor father ! how he must have felt it !
" I never saw anyone so shocked.	He could not speak a word for full ten minutes.
He could not speak a word for full ten minutes.	My mother was taken ill imme- diately, and the whole house in such confusion ! ”
at such a time is very difficult.	My mother was in hysterics, and though I endeavored to give her every assistance in my power, I am afraid I did not do so much as I might have done !
" Your attendance upon her has been too much for you.	You do not look well.
You do not look well.	Oh that I had been with you! — you have had every care and anxiety upon yourself alone.”
My aunt Philips came to Longbourn on Tuesday, after my father went away ; and was so good as to stay till Thursday with me.	She was of great use and comfort to us all.
" She had better have stayed at home,” cried Elizabeth ; "perhaps she meant well, but, under such a misfortune as this, one cannot see too little of one’s neighbors.	Assistance is impossible ; condolence insufferable.
Assistance is impossible ; condolence insufferable.	Let them triumph over us at a distance, and be satisfied.”
They were forced to conclude that he had no pleasing intelligence to send ; but even of that they would have been glad to be certain.	Mr. Gardiner had waited only for the letters before he set off.
All Mery ton seemed striving to blacken the man who, but three months before, had been almost an angel of light.	He was declared to be in debt to every tradesman in the place, and
He added that Mr. Bennet seemed wholly disinclined at present to leave London, and promised to write again very soon.	There was also a postscript to this effect —
If there were anyone that one could apply to with a probability of gaining such a clue as that, it might be of essential consequence.	At present we have nothing to guide us.
At present we have nothing to guide us.	Colonel Forster will, I dare say, do everything in his power to satisfy us on this
head.	But, on second thoughts, perhaps Lizzy could tell us what relations he has now living, better than any other person.
She had never heard of his having had any relations, except a father and mother, both of whom had been dead many years.	It was possible, however, that some
Every day at Longbourn was now a day of anxiety ; but the most anxious part of each was when the post was expected.	The arrival of letters was the first grand object of every morning’s impatience.
all others most afflicting to a parent’s mind.	The death of your daughter would have been a blessing in comparison of this.
would be necessary to clear his expenses at Brighton.	He owed a good deal in the town, but his debts of honor were still more formidable.
He owed a good deal in the town, but his debts of honor were still more formidable.	Mr. Gardiner did not attempt to conceal these particulars from the Longbourn family.
Mr. Gardiner did not attempt to conceal these particulars from the Longbourn family.	Jane heard them with horror.
Jane heard them with horror.	" A gamester ! ” she cried.
" A gamester ! ” she cried.	This is wholly unexpected.
This is wholly unexpected.	I had not an idea of it.”
" What, is he coming home, and without poor Lydia .? ” she cried.	" Sure he will not leave London before he has found them.
" Sure he will not leave London before he has found them.	Who is to fight Wickham, and make him marry her, if he comes away ? ”
" You may well warn me against such an evil.	Human
nature is so prone to fall into it !	No, Lizzy, let me once in my life feel how much I have been to blame.
No, Lizzy, let me once in my life feel how much I have been to blame.	I am not afraid of being overpowered by the impression.
I am not afraid of being overpowered by the impression.	It will pass away soon enough.”
” You go to Brighton.	‘I would not trust you so near it as East Bourne for fifty pounds I No, Kitty, I have at last learned to be cautious, and you will feel the effects of it.
No officer is ever to enter my house again, nor even to pass through the village.	Balls will be absolutely prohibited, unless you stand up with one of your sisters.
Balls will be absolutely prohibited, unless you stand up with one of your sisters.	And you are never to stir out of doors till you can prove that you have spent ten minutes of every day in a rational manner.”
” Well, well,” said he, " do not make yourself unhappy.	If you are a good girl for the next ten years, I will take you to a review at the end of them.”
lo "What do you mean.	Hill?
Hill?	We have heard nothing from town.”
” Dear madam,” cried Mrs. Hill, in great astonishment, ” don’t you know there is an express come for master from Mr. Gardiner?	He has been here this half hour, and master has had a letter.”
Oh, papa, what news — what news ?	Have you heard from my uncle ? ”
” What is there of good to be expected ? ” said he, taking the letter from his pocket.	" But perhaps you would like to read it.”
Elizabeth impatiently caught it from his hand.	Jane now came up.
Soon after you left me on Saturday, I was fortunate enough to find out in what part of London they were.	The particulars I reserve till we meet : it is enough to know they are discovered.
The particulars I reserve till we meet : it is enough to know they are discovered.	I have seen them both — ’’
I had no hesitation in complying with, as far as I thought myself privileged, for you.	I shall send this by express, that no time may be lost in bringing me your answer.
Send back your answer as soon as you can, and be careful to write explicitly.	We have judged it best that my niece should be married from this house, of which I hope you will approve.
We have judged it best that my niece should be married from this house, of which I hope you will approve.	She comes to us to-day.
She comes to us to-day.	I shall write again as soon as anything more is determined on.
I shall write again as soon as anything more is determined on.	"Yours, etc.,
" Edw.	Gardiner.
" Wickham is not so undeserving, then, as we have thought him,” said her sister.	" My dear father, I congratulate you.”
" Oh ! my dear father,” she cried, " come back and write immediately.	Consider how important every moment is in such a case.”
” And they must marry !	Yet he is such a man ! ”
” Yes, yes, they must marry.	There is nothing else to be done.
There is nothing else to be done.	But there are two things that I want very much to know : one is, how much money your uncle has laid down to bring it about ; and the other, how I am ever to pay him.”
” That is very true,” said Elizabeth; 'Though it had not occurred to me before.	His debts to be discharged, and something still to remain !
His debts to be discharged, and something still to remain !	Oh ! it must be my' uncle’s doings !
Oh ! it must be my' uncle’s doings !	Generous, good man, I am afraid he has distressed himself.
Generous, good man, I am afraid he has distressed himself.	A small sum could not do all this.”
" No,” said her father ; ” Wickham ’s a fool if he takes her with a farthing less than ten thousand pounds.	I should be sorry to think so ill of him, in the very beginning of our relationship.”
" Ten thousand pounds !	Heaven forbid I How is half such a sum to be repaid ? ”
Mr. Bennet made no answer, and each of them, deep in thought; continued silent till they reached the house.	Their father then went to the library to write, and the girls walked into the breakfast room.
"And they are really to be married!” cried Elizabeth, as soon as they were by themselves.	" How strange this is I And for this we are to be thankful.
" How strange this is I And for this we are to be thankful.	That they should marry, small .as is their chance of happiness, and wretched as is his character, we are forced to rejoice.
That they should marry, small .as is their chance of happiness, and wretched as is his character, we are forced to rejoice.	Oh, Lydia ! ”
Though our kind uncle has done something towards clearing him, I cannot believe that ten thousand pounds, or anything like it, has been advanced.	He has children of his own, and may have more.
Their taking her home, and affording her their personal protection and countenance, is such a sacrifice to her advantage as years of gratitude cannot enough acknowledge.	By this time she is actually with them !
By this time she is actually with them !	If such goodness does not make her miserable now, she will never deserve to be happy !
If such goodness does not make her miserable now, she will never deserve to be happy !	What a meeting for her, when she first sees my aunt ”
"Their conduct has been such,” replied Elizabeth, " as neither you, nor I, nor anybody can ever forget.	It is useless to talk of it.”
They went to the library, therefore, and asked their father whether he would not wish them to make it known to her.	He was writing, and, without raising his head, coolly replied —
Elizabeth took the letter from his writing table, and they went upstairs together.	Mary and Kitty were both with Mrs. Bennet : one communication would, therefore, do for all.
Mary and Kitty were both with Mrs. Bennet : one communication would, therefore, do for all.	After a slight preparation for good news, the letter was read aloud.
After a slight preparation for good news, the letter was read aloud.	Mrs. Bennet could hardly contain herself.
Mrs. Bennet could hardly contain herself.	As soon as Jane had read Mr. Gardiner’s hope of Lydia’s being soon married, her joy burst forth, and every following sentence added to its exuberance.
She was now in an irritation as violent from delight, as she had ever been fidgety from alarm and vexation.	To know that her daughter would be married was enough.
To know that her daughter would be married was enough.	She was disturbed by no fear for her felicity, nor humbled by any remembrance of her misconduct.
But the clothes, the wedding clothes !	I will write to my sister Gardiner about them directly.
I will write to my sister Gardiner about them directly.	Lizzy, my dear, run down to your father, and ask him how much he will give her.
Lizzy, my dear, run down to your father, and ask him how much he will give her.	Stay, stay, I will go myself.
Stay, stay, I will go myself.	Ring the bell, Kitty, for Hill.
Ring the bell, Kitty, for Hill.	I will put on my things in a moment.
I will put on my things in a moment.	My dear, dear Lydia ! — How merry we shall be together when we meet ! ”
” For we must attribute this happy conclusion,” she added, " in a great measure to his kindness.	We are persuaded that he has pledged himself to assist Mr. Wickham with money.”
” Well,” cried her mother, " it is all very right ; who should do it but her own uncle ?	If he had not had a family of his
own, I and my children must have had all his money, you know ; and it is the first time we have ever had anything from him, except a few presents.	Well !
Well !	I am so happy !
I am so happy !	In a short time I shall have a daughter married.
One day’s delay, she observed, would be of small im- portance ; and her mother was too happy to be quite so obstinate as usual.	Other schemes, too, came into her head.
" I will go to Meryton,” said she, ” as soon as I am dressed, and tell the good, good news to my sister Philips.	And as I come back, I can call on Lady Lucas and Mrs. Long.
And as I come back, I can call on Lady Lucas and Mrs. Long.	Kitty, run down and order the carriage.
Kitty, run down and order the carriage.	An airing would do me a great deal of good, I am sure.
An airing would do me a great deal of good, I am sure.	Girls, can I do anything for you in Meryton Oh I here comes Hill My dear Hill, have you heard the good news ?
He now wished it more than ever.	Had he done his duty in that respect, Lydia need not have been indebted to her uncle for whatever of honor or credit could now be purchased for her.
This event had at last been despaired of, but it was then too late to be saving.	Mrs. Bennet had no turn for economy, and her husband’s love of independence had alone prevented their exceeding their income.
Five thousand pounds was settled by marriage articles on Mrs. Bennet and the children.	But in what proportions it should
The good news quickly spread through the house, and with proportionate speed through the neighborhood.	It was borne in the latter with decent philosophy.
It was a fortnight since Mrs. Bennet had been downstairs; but on this happy day she again took her seat at the head of her table, and in spirits oppressively high.	No sentiment of shame gave a damp to her triumph.
Into one house in this neighborhood they shall never have admittance.	I will not encourage the imprudence of either, by receiving them at Longbourn.”
A long dispute followed this declaration; but Mr. Bennet was firm.	It soon led to another ; and Mrs. Bennet found, with amazement and horror, that her husband would not advance a guinea to buy clothes for his daughter.
He protested that she should receive from him no mark of affection whatever on the occasion.	Mrs. Bennet could hardly comprehend it.
Mrs. Bennet could hardly comprehend it.	That his
She was hum- bled, she was grieved ; she repented, though she hardly knew of what.	She became jealous of his esteem, when she could no longer hope to be benefited by it.
She became jealous of his esteem, when she could no longer hope to be benefited by it.	She wanted to hear of him, when there seemed the least chance of gaining intelligence.
She wanted to hear of him, when there seemed the least chance of gaining intelligence.	She
She began now to comprehend that he was exactly the man who, in disposition and talents, would most suit her.	His understanding and temper, though unlike her own, would have answered all her wishes.
But no such happy marriage could now teach the admiring multitude what connubial felicity really was.	A union of a different tendency, and precluding the possibility of the other, was soon to be formed in their family.
quartered in the north.	It is an advantage to have it so far from this part of the kingdom.
It is an advantage to have it so far from this part of the kingdom.	He promises fairly ; and I hope among diflo ferent people, where they may each have a character to preserve, they will both be more prudent.
He has given in all his debts ; I hope at least he has not deceived us.	Haggerston has our directions, and all will be completed in a week.
ner could do.	But Mrs. Bennet was not so well pleased with it.
" She is so fond of Mrs. Forster,” said she, " it will be quite shocking to send her away !	And there are several of the young
men, too, that she likes very much.	The officers may not be so pleasant in General ’s regiment.”
Their sister’s wedding day arrived ; and Jane and Elizabeth felt for her, probably more than she felt for herself.	The carriage was sent to meet them at , and they were to
They came.	The family were assembled in the breakfast lo room to receive them.
Their reception from Mr. Bennet, to whom they then turned, was not quite so cordial.	His countenance rather gained in austerity, and he scarcely opened his lips.
His countenance rather gained in austerity, and he scarcely opened his lips.	The easy assurance of the young couple, indeed, was enough to provoke him.
The easy assurance of the young couple, indeed, was enough to provoke him.	Elizabeth was disgusted, and even Miss Bennet was shocked.
Elizabeth was disgusted, and even Miss Bennet was shocked.	Lydia was Lydia still, — untamed, unabashed, wild, noisy, and fearless.
They seemed each of them to have the happiest memories in the world.	Nothing of the past was recollected with pain ; and Lydia led voluntarily to subjects which her sisters would not have alluded to for the world.
Only think of its being three months,” she cried, " since I went away !	It seems but a fortnight, I declare ; and yet there have been things enough happened in the time.
Elizabeth could bear it no longer.	She got up and ran out of the room, and returned no more till she heard them passing through the hall to the dining parlor.
It was not to be supposed that time would give Lydia that embarrassment from which she had been so wholly free at first.	Her ease and good spirits increased.
"Well, mamma,” said she, when they were all returned to the breakfast room, "and what do you think of my husband?	Is not he a charming man ?
Is not he a charming man ?	I am sure my sisters must all envy me.
I am sure my sisters must all envy me.	I only hope they may have half my good luck.
I only hope they may have half my good luck.	They must all go to Brighton.
They must all go to Brighton.	That is the place to get husbands.
That is the place to get husbands.	What a pity it is, mamma, we did not all go.”
" Very true ; and if I had my will, we should.	But, my dear
Lydia, I don’t at all like your going such a way off.	Must it be so ? ”
" Oh, Lord ! yes ; there is nothing in that.	I shall like it of all things.
I shall like it of all things.	You and papa, and my sisters, must come down and see us.
You and papa, and my sisters, must come down and see us.	We shall be at Newcastle all the winter, and I dare say there will be some balls, and I will take care to get good partners for them all.”
Their visitors were not to remain above ten days with them.	Mr. Wickham had received his commission before he left London, and he was to join his regiment at the end of a fortnight.
Lydia was exceedingly fond of him.	He was her dear Wickham on every occasion ; no one was to be put in competition with him.
" Lizzy, I never gave you an account of my wedding, I believe.	You were not by when I told mamma and the others all about it.
You were not by when I told mamma and the others all about it.	Are not you curious to hear how it was managed ? ”
" La I You are so strange !	But I must tell you how it went off.
But I must tell you how it went off.	We were married, you know, at St. Clement’s because Wickham’s lodgings were in that parish.
We were married, you know, at St. Clement’s because Wickham’s lodgings were in that parish.	And it was settled that we should all be there by eleven o’clock.
And it was settled that we should all be there by eleven o’clock.	My uncle and aunt, and I, were to go together ; and the others were to meet us at the church.
My uncle and aunt, and I, were to go together ; and the others were to meet us at the church.	Well, Monday morning came, and I was in such a fuss !
Well, Monday morning came, and I was in such a fuss !	I was so afraid, you know, that something lo would happen to put it off, and then I should have gone quite distracted.
And there was my aunt, all the time I was dressing, preaching and talking away just as if she was reading a sermon.	However, I did not hear above one word in ten, for I was thinking, you may suppose, of my dear Wickham.
However, I did not hear above one word in ten, for I was thinking, you may suppose, of my dear Wickham.	I longed to know whether he would be married in his blue coat.
” Well, and so we breakfasted at ten, as usual.	I thought it would never be over; for, by the by, you are to understand that my uncle and aunt were horrid unpleasant all the time I was with them.
If you ’ll believe me, I did not once put my foot out of doors, though I was there a fortnight.	Not one party, or scheme, or anything !
" Oh, yes ! — he was to come there with Wickham, you know.	But, gracious me I I quite forgot !
But, gracious me I I quite forgot !	I ought not to have said a word about it.
I ought not to have said a word about it.	I promised them so faithfully!
I promised them so faithfully!	What will Wickham say ?
What will Wickham say ?	It was to be such a secret I ”
” If it was to be a secret,” said Jane, " say not another word on the subject.	You may depend upon my seeking no further.”
But to live in ignorance on such a point was impossible ; or, at least, it was impossible not to try for information.	Mr. Darcy had been at her sister’s wedding.
Mr. Darcy had been at her sister’s wedding.	It was exactly a scene, and exactly among people, where he had apparently least to do, and least temptation to go.
Conjectures as to the meaning of it, rapid and wild, hurried into her brain ; but she was satisfied with none.	Those that best pleased her, as placing his conduct in the noblest light, seemed most improbable.
Don’t think me angry, however, for I only mean to let you know that I had not imagined such inquiries to be necessary on your side.	If you do not choose to understand me, forgive my impertinence.
If you do not choose to understand me, forgive my impertinence.	Your uncle is as much surprised as I am, and nothing but the belief of your being a party concerned would have allowed him to act as he has done.
Your uncle is as much surprised as I am, and nothing but the belief of your being a party concerned would have allowed him to act as he has done.	But if you are really innocent and ignorant, I must be more explicit.
On the very day of my coming home from Longbourn, your uncle had a most unexpected visitor.	Mr. Darcy called, and was shut up with him several hours.
Mr. Darcy called, and was shut up with him several hours.	It was all over before I arrived ; so my curiosity was not so dreadfully racked as you?'s seems to have been.
for any young woman of character to love or confide in him.	He generously imputed the whole to his mistaken pride, and confessed that he had before thought it beneath him to lay his private actions open to the world.
He generously imputed the whole to his mistaken pride, and confessed that he had before thought it beneath him to lay his private actions open to the world.	His character was to speak for itself.
His character was to speak for itself.	He called it, therefore, his duty to step forward, and endeavor to remedy an evil which had been brought on by himself.
He called it, therefore, his duty to step forward, and endeavor to remedy an evil which had been brought on by himself.	If he had another motive, I am sure it would never disgrace him.
This Mrs. Younge was, he knew, intimately acquainted with Wickham ; and he went to her for intelligence of him, as soon as he got to town.	But it was two or three days before he could get from her what he wanted.
But it was two or three days before he could get from her what he wanted.	She would not betray her trust, I suppose, without bribery and corruption, for she really did know where her friend was to be found.
for direction.	They were in Street.
They were in Street.	He saw Wickham, and
y own folly alone.	He meant to resign his commission immediately ;
Mr. Darcy asked him why he had not married your sister at once.	Though Mr. Bennet was not imagined to be very rich, he would have been able to do something for him, and his situation must have been benefited by marriage.
They met several times, for there was much to be discussed.	Wickham, of course, wanted more than he could get, but at length was reduced to be reasonable.
On Saturday he came again.	Your father was gone, your uncle at home, and, as I said before, they had a great deal of talk together.
They met again on Sunday, and then I saw him too.	It was not all settled before Monday : as soon as it was, the express was sent off to Longbourn.
It was not all settled before Monday : as soon as it was, the express was sent off to Longbourn.	But our visitor was very obstinate.
But our visitor was very obstinate.	I fancy, Lizzy, that obstinacy is the real defect of his character after all.
I fancy, Lizzy, that obstinacy is the real defect of his character after all.	He has been accused of many faults at different times, but this is the true one.
They battled it together for a long time, which was more than either the gentleman or lady concerned in it deserved.	But at last your uncle was forced to yield, and instead of being allowed to be of
I believe I have now told you everything.	It is a relation which you tell me is to give you great surprise ; I hope at least it will not afford you any displeasure.
It is a relation which you tell me is to give you great surprise ; I hope at least it will not afford you any displeasure.	Lydia came to us ; and Wickham had constant admission to the house.
If she heard me, it was by good luck, for I am sure she did not listen.	I was sometimes quite provoked, but then I recollected my dear Elizabeth and Jane, and for their sakes had patience with her.
Mr. Darcy was punctual in his return, and, as Lydia informed you, attended the wedding.	He dined with us the next day, and was to leave town again on Wednesday or Thursday.
His understanding and opinions all please me ; he wants nothing but a little more liveliness, and that^ if he marry ■prudently^ his wife may teach him.	I thought him very sly ; — he hardly ever mentioned your name.
I thought him very sly ; — he hardly ever mentioned your name.	But slyness seems the fashion.
Pray forgive me if I have been very presuming; or at least do not punish me so far as to exclude me from P.	I shall never be quite happy till I have been all round the park.
I shall never be quite happy till I have been all round the park.	A low phaeton, with a nice little pair of ponies, would be the very thing.
But I must write no more.	The children have been wanting me this half hour.
He had done all this for a girl whom he could neither regard nor esteem.	Her heart did whisper that
He had, to be sure, done much, — she was ashamed to think how much.	But he had given a reason for his interference, which asked no extraordilo nary stretch of belief.
It was painful, exceedingly painful, to know that they were under obligations to a person who could never receive a return.	They owed the restoration of Lydia, her character, everything to him.
They owed the restoration of Lydia, her character, everything to him.	Oh I how heartily did she grieve over every ungracious sensation she had ever encouraged, every saucy speech she had ever directed towards him.
Oh I how heartily did she grieve over every ungracious sensation she had ever encouraged, every saucy speech she had ever directed towards him.	For herself, she was humbled ; but she was proud of him.
For herself, she was humbled ; but she was proud of him.	Proud that in a cause of compassion and honor he had been able to get the better of himself.
Proud that in a cause of compassion and honor he had been able to get the better of himself.	She read over her aunt’s commendation of him again and again.
She read over her aunt’s commendation of him again and again.	It was hardly enough; but it pleased her.
" I should be sorry indeed if it were.	We were always good friends ; and now we are better.”
" True.	Are the others coming out ? ”
I do not know.	Mrs. Bennet and Lydia are going in the carriage to Meryton.
Mrs. Bennet and Lydia are going in the carriage to Meryton.	And so, my dear sister, I find from our uncle and aunt that you have actually seen Pemberley.”
" I almost envy you the pleasure, and yet I believe it would be too much for me, or else I could take it in my way to Newcastle!	And you saw the old housekeeper, I suppose t Poor Reynolds, she was always very fond of me.
And you saw the old housekeeper, I suppose t Poor Reynolds, she was always very fond of me.	But, of course, she did not mention my name to you.”
" That you were gone into the army, and, she was afraid, had — not turned out well.	At such a distance as that^ you know, things are strangely misrepresented.”
" I was surprised to see Darcy in town last month.	We passed each other several times.
We passed each other several times.	I wonder what he can be doing there ? ”
" Perhaps preparing for his marriage with Miss de Bourgh,” said Elizabeth.	" It must be something particular to take him there at this time of year.”
" Undoubtedly.	Did you see him while you were at Lambton .?
Did you see him while you were at Lambton .?	I thought I understood from the Gardiners that you had.”
" I have heard, indeed, that she is uncommonly improved within this year or two.	When I last saw her, she was not very promising.
When I last saw her, she was not very promising.	I am very glad you liked her.
I am very glad you liked her.	I hope she will turn out well.”
” I mention it because it is the living which I ought to have had.	A most delightful place ! — Excellent Parsonage House !
A most delightful place ! — Excellent Parsonage House !	It would have suited me in every respect.”
" Exceedingly well.	I should have considered it as part of my duty, and the exertion would soon have been nothing.
I should have considered it as part of my duty, and the exertion would soon have been nothing.	One ought not to repine ; but, to be sure, it would have been such a thing for me !
One ought not to repine ; but, to be sure, it would have been such a thing for me !	The quiet, the retirement of such a life, would have answered all my ideas of happiness !
The quiet, the retirement of such a life, would have answered all my ideas of happiness !	But it was not to be.
But it was not to be.	Did you ever hear Darcy mention the circumstance when you were in Kent ? ”
"You did ! — and it was not wholly without foundation.	You may remember what I told you on that point, when first we talked of it.”
" Come, Mr. Wickham, we are brother and sister, you know.	Do not let us quarrel about the past.
Do not let us quarrel about the past.	In future, I hope we shall be always of one mind.”
” Oh, Lord !	I don’t know.
I don’t know.	Not these two or three years, perhaps.”
'*As often as I can.	But you know married women have never much time for writing.
But you know married women have never much time for writing.	My sisters may write to me.
My sisters may write to me.	They will have nothing else to do.”
Mr. Wickham’s adieus were much more affectionate than his wife’s.	He smiled, looked handsome, and said many pretty things.
" He is as fine a fellow,” said Mr. Bennet, as soon as they were out of the house, ” as ever I saw.	He simpers, and smirks, and makes love to us all.
He simpers, and smirks, and makes love to us all.	I am prodigiously proud of him.
I am prodigiously proud of him.	I defy even Sir William Lucas himself to produce a more valuable son-in-law.”
" I often think,” said she, ” that there is nothing so bad as parting with one’s friends.	One seems so forlorn without them.”
” This is the consequence, you see, madam, of marrying a daughter,” said Elizabeth.	"It must make you better satisfied that your other four are single.”
" It is no such thing.	Lydia does not leave me because she is married, but only because her husband’s regiment happens to be so far off.
Lydia does not leave me because she is married, but only because her husband’s regiment happens to be so far off.	If that had been nearer, she would not have gone so soon.”
The housekeeper at Netherfield had received orders to prepare for the arrival of her master, who was coming down in a day or two, to shoot there for several weeks.	Mrs. Bennet was quite in the fidgets.
Mrs. Bennet was quite in the fidgets.	She looked at Jane, and smiled, and shook her head by turns.
" Well, well, and so Mr. Bingley is coming down, sister ” (for Mrs. Philips first brought the news).	" Well, so much the better.
" Well, so much the better.	Not that I care about it, though.
Not that I care about it, though.	He is nothing to us, you know, and I am sure I never want to see him again.
He is nothing to us, you know, and I am sure I never want to see him again.	But, however, he is very welcome to come to Netherfield, if he likes it.
But, however, he is very welcome to come to Netherfield, if he likes it.	And who knows what may happen } But that is nothing to us.
And who knows what may happen } But that is nothing to us.	You know, sister, we agreed long ago never to mention a word about it.
You know, sister, we agreed long ago never to mention a word about it.	And so, is it quite certain he is coming ? ”
changing color.	It was many months since she had mentioned his name to Elizabeth ; but now, as soon as they were alone together, she said —
I was only confused for the moment, because I felt that I should be looked at.	I do assure you that the news does not affect me either with pleasure or pain.
I do assure you that the news does not affect me either with pleasure or pain.	I am glad of one thing — that he comes alone ; lo because we shall see the less of him.
I am glad of one thing — that he comes alone ; lo because we shall see the less of him.	Not that I am afraid of myself^ but I dread other people’s remarks.”
” Yet it is hard,” she sometimes thought, ” that this poor man cannot come to a house which he has legally hired without ^ raising all this speculation !	I will leave him to himself.”
" No, no.	You forced me into visiting him last year, and
promised, if I went to see him, he should marry one of my daughters.	But it ended in nothing, and I will not be sent on a fool’s errand again.”
” ’T is an etiquette I despise,” said he. ” If he wants our society, let him seek it.	He knows where we live.
He knows where we live.	I will not spend my hours in running after my neighbors every time they go away and come back again.”
" Well, all I know is, that it will be abominably rude if you do not wait on him.	But, however, that shan’t prevent my asking him to dine here, I am determined.
But, however, that shan’t prevent my asking him to dine here, I am determined.	We must have Mrs. Long and the Gouldings soon.
We must have Mrs. Long and the Gouldings soon.	That will make thirteen with ourselves, so there will be just room at table for him.”
” I begin to be sorry that he comes at all,” said Jane to her sister.	" It would be nothing ; I could see him with perfect indifference ; but I can hardly bear to hear it thus perpetually talked of.
My mother means well ; but she does not know — no one can know — how much I suffer from what she says.	Happy shall I be when his stay at Netherfield is over ”
Mr. Bingley arrived.	Mrs. Bennet, through the assistance of servants, contrived to have the earliest tidings of it, that the period of anxiety and fretfulness on her side might be as long as it could.
She counted the days that must intervene before their invitation could be sent — hopeless of seeing him before.	But, on the third morning after his arrival in Hertfordshire, she
" Good gracious !	Mr. Darcy ! and so it does, I vow.
Mr. Darcy ! and so it does, I vow.	Well, any friend of Mr. Bingley’s will always be welcome here, to be sure ; but else I must say that I hate the very sight of him.”
Elizabeth said as little to either as civility would allow, and sat down again to her work, with an eagerness which it did not often command.	She had ventured only one glance at Darcy.
She had ventured only one glance at Darcy.	He looked serious as usual, and, she thought, more as he had been used to look in Hertfordshire, than as she had seen him at Pemberley.
But, perhaps, he could not in her mother’s presence be what he was before her uncle and aunt.	It was a painful, but not an improbable, conjecture.
He was not seated by her ; perhaps that was the reason of his silence ; but it had not been so in Derbyshire.	There he had talked to her friends, when he could not to herself.
More thoughtfulness, and less anxiety to please than when they last met, were plainly expressed.	She was disappointed, and angry with herself for being so.
" Could I expect it to be otherwise ” said she.	" Yet why did he come ? ”
He readily agreed to it. ” I began to be afraid you would never come back again.	People did say, you meant to quit the place entirely at Michaelmas ; but, however, I hope it is not true.
People did say, you meant to quit the place entirely at Michaelmas ; but, however, I hope it is not true.	A great many changes have happened in the neighborhood since you went away.
A great many changes have happened in the neighborhood since you went away.	Miss Lucas is married and settled, and one of my own daughters.
Miss Lucas is married and settled, and one of my own daughters.	I suppose you have heard of it ; indeed, you must have seen it in the papers.
I suppose you have heard of it ; indeed, you must have seen it in the papers.	It was in the Times and the Courier, I know ; though it was not put in as it ought to be.
It was in the Times and the Courier, I know ; though it was not put in as it ought to be.	It was only said, ' Lately, George Wickham, Esq.
It was my brother Gardiner’s drawing up, too, and I wonder how he came to make such an awkward business of it.	Did you see it ? ”
Bingley replied that he did, and made his congratulations.	Elizabeth dared not lift up her eyes.
Elizabeth dared not lift up her eyes.	How- Mr. Darcy looked, therefore, she could not tell.
They are gone down to Newcastle, a place quite northward, it seems, and there they are to stay I do not know how long.	His regiment is there ; for I suppose you have heard of his
It drew from her, however, the exertion of speaking, which nothing else had so effectually done before; and she asked Bingley whether he meant to make any stay in the country at present.	A few weeks, he believed.
" The first wish of my heart,” said she to herself, " is never more to be in company with either of them.	Their society can afford no pleasure that will atone for such wretchedness as this !
Their society can afford no pleasure that will atone for such wretchedness as this !	Let me never see either one or the other again ! ”
Jane was anxious that no difference should be perceived in her at all, and was really persuaded that she talked as much as ever.	But her mind was so busily engaged that she did not always know when she was silent.
Bingley looked a little silly at this reflection, and said something of his concern at having been prevented by business.	They then went ^.way.
As soon as they were gone Elizabeth walked out to recover her spirits, — or, in other words, to dwell without interruption on those subjects that must deaden them more.	Mr. Darcy’s behavior astonished and vexed her.
He could be still amiable, still pleasing to my uncle and aunt, when he was in town ; and why not to me ?	If he fears me, why come hither?
If he fears me, why come hither?	If he no longer cares for me, why silent ? — Teasing, teasing man I will think no more about him.”
" Now,” said she, " that this first meeting is over, I feei perfectly easy.	I know my own strength, and I shall never be embarrassed again by his coming.
I know my own strength, and I shall never be embarrassed again by his coming.	I am glad he dines here on Tuesday: it will then be publicly seen that on both sides we met only as common and indifferent acquaintance.”
” Yes, very indifferent indeed,” said Elizabeth, laughingly.	" Oh, Jane ! take care.”
Though she dared not depend upon the consequence, she yet received pleasure from observing his behavior.	It gave her all the animation that her spirits could boast; for she was in no cheerful humor.
It gave her all the animation that her spirits could boast; for she was in no cheerful humor.	Mr. Darcy was almost as far from her as the table could divide them.
Mr. Darcy was almost as far from her as the table could divide them.	He was on one side of her mother.
He was on one side of her mother.	She knew how little such a situation would give pleasure to either, or make either appear to advantage.
And on the gentlemen’s approaching, one of the girls moved closer to her than ever, and said, in a whisper — The men shan’t come and part us, I am determined.	We want none of them ; do we ”
” A man who has once been refused !	How could I ever be foolish enough to expect a renewal of his love ?
How could I ever be foolish enough to expect a renewal of his love ?	Is there one among the sex who would not protest against such a weakness
as a second proposal to the same woman ?	There is no indignity so abhorrent to their feelings ! ”
" And quite alone ?	Have all her friends left her ? ”
" Mrs. Annesley is with her.	The others have been gone on to Scarborough these three weeks.” lo She could think of nothing more to say ; but if he wished to converse with her, he might have better success.
" Well, girls,” said she, as soon as they were left to them- selves, " what say you to the day ?	I think everything has passed off uncommonly well, I assure you.
I think everything has passed off uncommonly well, I assure you.	The dinner was as well dressed as any I ever saw.
The dinner was as well dressed as any I ever saw.	The venison was roasted to a turn — and everybody said, they never saw so fat a haunch.
And, my dear Jane, I never saw you look in greater beauty.	Mrs. Long said so, too, for I asked her whether you did not.
Mrs. Long said so, too, for I asked her whether you did not.	And what do you think she said besides ? ' Ah !
And what do you think she said besides ? ' Ah !	Mrs. Bennet, we shall have her at Netherfield at last.’ She did indeed.
" It has been a very agreeable day,” said Miss Bennet to Elizabeth.	" The party seemed so well selected, so suitable one with the other.
" The party seemed so well selected, so suitable one with the other.	I hope we may often meet again.”
" Lizzy, you must not do so.	You must not suspect me.
You must not suspect me.	It mortifies me.
It mortifies me.	I assure you that I have now learned to enjoy his conversation as an agreeable and sensible young man, without having a wish beyond it.
" That is a question which I hardly know how to answer.	We all love to instruct, though we can teach only what is not worth knowing.
We all love to instruct, though we can teach only what is not worth knowing.	Forgive me ; and if you persist in indifference, do not make me your confidante.”
A few days after this visit, Mr. Bingley called again, and alone.	His friend had left him that morning for London, but was to return home in ten days’ time.
His friend had left him that morning for London, but was to return home in ten days’ time.	He sat with them above an hour, and was in remarkably good spirits.
He sat with them above an hour, and was in remarkably good spirits.	Mrs. Bennet invited him to dine with them ; but, with many expressions of concern, he confessed himself engaged elsewhere.
In ran Mrs. Bennet to her daughters’ room, in her dressing gown, and with her hair half finished, crying out, " My dear Jane, make haste and hurry down.	He is come — Mr. Bingley is come.
He is come — Mr. Bingley is come.	He is indeed.
He is indeed.	Make haste, make haste.
Make haste, make haste.	Here, Sarah, come to Miss Bennet this moment, and help her on with her gown.
Here, Sarah, come to Miss Bennet this moment, and help her on with her gown.	Never mind Miss Lizzy’s hair.”
The same anxiety to get them by themselves, was visible again in the evening.	After tea, Mr. Bennet retired to the library, as was his custom, and Mary went upstairs to her instrument.
Elizabeth would not observe her ; and when at last Kitty did, she very innocently said, " What is the matter, mamma?	What do you keep winking at me for?
What do you keep winking at me for?	What am I to do ? ”
" Nothing, child, nothing.	I did not wink at you.”
Elizabeth was forced to go. ” We may as well leave them by themselves, you know,” said her mother as soon as she was in the hall.	" Kitty and I are going upstairs to sit in my dressing room.”
Mrs. Bennet’s schemes for this day were ineffectual.	Bingley was everything that was charming, except the professed lover of her daughter.
Bingley was punctual to his appointment ; and he and Mr. Bennet spent the morning together, as had been agreed on.	The latter was much more agreeable than his companion expected.
Their situation was awkward enough; but hers, she thought, was still worse.	Not a syllable was uttered by either; and Elizabeth was on the point of going
" ’T is too much,” she added, — " by far too much.	I do not deserve it.
I do not deserve it.	Oh ! why is not everybody as happy ”
Elizabeth’s congratulations were given with a sincerity, a warmth, a delight, which words could but poorly express.	Every sentence of kindness was a fresh source of happiness to Jane.
Every sentence of kindness was a fresh source of happiness to Jane.	But she would not allow herself to stay with her sister, or say half that remained to be said, for the present.
"I must go instantly to my mother,” she cried ; " I would not on any account trifle with her affectionate solicitude, or allow her to hear it from anyone but myself.	He is gone to my father already.
He is gone to my father already.	Lizzy, to know that what I have to relate will give such pleasure to all my dear family I how shall I bear so much happiness ! ”
" With my mother upstairs.	She will be down in a moment, I dare say.”
He then shut the door, and coming up to her, claimed the good wishes and affection of a sister.	Elizabeth honestly and heartily expressed her delight in the prospect of their relationship.
It was an evening of no common delight to them all.	The satisfaction of Miss Rennet’s mind gave such a glow of sweet animation to her face, as made her look handsomer than ever.
The satisfaction of Miss Rennet’s mind gave such a glow of sweet animation to her face, as made her look handsomer than ever.	Kitty simpered and smiled, and hoped her turn was coming soon.
"Jane, I congratulate you.	You will be. a very happy woman.”
" You are a good girl,” he replied, " and I have great pleasure in thinking you will be so happily settled.	I have not a doubt of your doing very well together.
I have not a doubt of your doing very well together.	Your tempers are by no means unlike.
Your tempers are by no means unlike.	You are each of you so complying, that nothing will ever be resolved on ; so easy, that every servant will cheat you ; and so generous, that you will always exceed your income.”
I hope not so.	Imprudence or thoughtlessness in money matters would be unpardonable in mey
" Exceed their income !	My dear Mr. Bennet,” cried his wife, " what are you talking of ?
Why, he has four or five thousand a year, and very likely more.” Then addressing her daughter, " Oh ! my dear, dear Jane, I am so happy, I am sure I shan’t get a wink of sleep all night.	I knew how it would be.
I knew how it would be.	I always said it must be so, at last.
I always said it must be so, at last.	I was sure you could not be so beautiful for nothing !
I was sure you could not be so beautiful for nothing !	I remember, as soon as ever I saw him, when he first came into Hertfordshire last year, I thought how likely it was that you should come together.
I remember, as soon as ever I saw him, when he first came into Hertfordshire last year, I thought how likely it was that you should come together.	Oh ! he is the handsomest young man that ever was seen ! ”
Wickham, Lydia, were all forgotten.	Jane was beyond competition her favorite child.
Jane was beyond competition her favorite child.	At that moment she cared for no other.
At that moment she cared for no other.	Her younger sisters soon began to make interest with her for objects of happiness which she might in future be able to dispense.
" He has made me so happy,” said she, one evening, ” by telling me, that he was totally ignorant of my being in town last spring !	I had not believed it possible.”
" I suspected as much,” replied Elizabeth.	" But how did he account for it ? ”
” It must have been his sisters’ doing.	They were certainly no friends to his acquaintance with me, which I cannot wonder at, since he might have chosen so much more advantageously in many respects.
" That is the most unforgiving speech,” said Elizabeth, ” that I ever heard you utter.	Good girl !
Good girl !	It would vex me, indeed, to see you again the dupe of Miss Bingley’s pretended regard ! ”
"I am certainly the most fortunate creature that ever existed ” cried Jane. ” Oh !	Lizzy, why am I thus singled from my family, and blessed above them all If I could but see you as happy !
Lizzy, why am I thus singled from my family, and blessed above them all If I could but see you as happy !	If there were but such another man for you ! ”
" If you were to give me forty such men, I never could be so happy as you.	Till I have your disposition, your goodness, I
never can have your happiness.	No, no, let me shift for myself ; and perhaps, if have very good luck, I may meet with another Mr. Collins in time.”
They both set off, and the conjectures of the remaining three continued, though with little satisfaction, till the door was thrown open, and their visitor entered.	It was Lady Catherine de Bourgh.
guest of such high importance, received her with the utmost politeness.	After sitting for a moment in silence, she said, very stiffly to Elizabeth —
” I hope you are well.	Miss Bennet.
Miss Bennet.	That lady, I suppose, is your mother ? ”
" Yes, very well.	I saw them the night before last.”
Elizabeth now expected that she would produce a letter for her from Charlotte, as it seemed the only probable motive for her calling.	But no letter appeared, and she was completely puzzled.
wilderness on one side of your lawn.	I should be glad to take a turn in it, if you will favor me with your company.”
" Go, my dear,” cried her mother, ” and show her ladyship about the different walks.	I think she will be pleased with the hermitage.”
Elizabeth obeyed, and, running into her own room for her parasol, attended her noble guest downstairs.	As they passed through the hall.
As they passed through the hall.	Lady Catherine opened the doors into the dining parlor and drawing-room, and pronouncing them, after a short survey, to be decent-looking rooms, walked on.
As soon as they entered the copse.	Lady Catherine began in the following manner ; —
" You can be at no loss, Miss Bennet, to understand the reason of my journey hither.	Your own heart, your own conscience, must tell you why I come.”
" Indeed, you are mistaken, madam.	I have not been at all able to account for the honor of seeing you here.”
" Miss Bennet,” replied her ladyship, in an angry tone, ” you ought to know that I am not to be trifled with.	But, however insincere you may choose to be, you shall not find me so.
But, however insincere you may choose to be, you shall not find me so.	My character has ever been celebrated for its sincerity and frankness, and in a cause of such moment as this I shall certainly not depart from it.
My character has ever been celebrated for its sincerity and frankness, and in a cause of such moment as this I shall certainly not depart from it.	A report of a most alarming nature reached me two days ago.
A report of a most alarming nature reached me two days ago.	I was told that not only your sister was on the point of being most advantageously married, but that
" If you believed it impossible to be true,” said Elizabeth, coloring with astonishment and disdain, ” I wonder you took the trouble of coming so far.	What could your ladyship lo propose by it ? ”
" If ! do you, then, pretend to be ignorant of it ?	Has it not been industriously circulated by yourselves ^ Do you not know that such a report is spread abroad } ”
" I do not pretend to possess equal frankness with your ladyship.	You may ask questions, which I shall not choose to answer.”
"This is not to be borne!	Miss Bennet, I insist on being satisfied.
Miss Bennet, I insist on being satisfied.	Has he, has my nephew, made you an offer of marriage ? ”
" It ought to be so ; it must be so, while he retains the use of his reason.	But your arts and allurements may, in a moment of infatuation, have made him forget what he owes to himself and to all his family.
But your arts and allurements may, in a moment of infatuation, have made him forget what he owes to himself and to all his family.	You may have drawn him in.”
Miss Bennet, do you know who I am ?	I have not been accustomed to such language as this.
I have not been accustomed to such language as this.	I am almost the nearest relation he has in the world, and am entitled to know all his dearest concerns.”
" Let me be rightly understood.	This match, to which you have the presumption to aspire, can never take place.
This match, to which you have the presumption to aspire, can never take place.	No, never.
No, never.	Mr. Darcy is engaged to my daughter.
Mr. Darcy is engaged to my daughter.	Now, what have you to say ? ”
Lady Catherine hesitated for a moment, and then replied — "The engagement between them is of a peculiar kind.	From their infancy, they have been intended for each other.
From their infancy, they have been intended for each other.	It was the favorite wish of his mother, as well as of hers.
Do you pay no regard to the wishes of his friends — to his tacit engagement with Miss de Bourgh ?	Are you lost to every feeling of propriety and delicacy ?
Are you lost to every feeling of propriety and delicacy ?	Have you not heard me say that from his earliest hours he was destined for his cousin ? ”
" Yes, and I had heard it before.	But what is that to me.?
But what is that to me.?	If there is no other objection to my marrying your nephew, I shall certainly not be kept from it by knowing that his mother and aunt wished him to marry Miss de Bourgh.
You both did as much as you could, in planning the marriage ; its completion depended on others.	If Mr. Darcy is neither by honor nor in- clination confined to his cousin, why is not he to make another choice ?
Yes, Miss Bennet, interest ; for do not expect to be noticed by his family or friends if you willfully act against the inclinations of all.	You will be censured, slighted, and despised by everyone connected with him.
You will be censured, slighted, and despised by everyone connected with him.	Your alliance will be a disgrace ; your name will never even be mentioned by any of us.”
" Obstinate, headstrong girl !	I am ashamed of you !
I am ashamed of you !	Is this
your gratitude for my attentions to you last spring } Is nothing due to me on that score ?	Let us sit down.
Let us sit down.	You are to understand, Miss Bennet, that I came here with the determined resolution of carrying my purpose ; nor will I be dissuaded from it.
You are to understand, Miss Bennet, that I came here with the determined resolution of carrying my purpose ; nor will I be dissuaded from it.	I have not been used to submit to any person’s whims.
I have not been used to submit to any person’s whims.	I have not been in the habit of brooking disappointment.”
” That will make your ladyship’s situation at present more pitiable ; but it will have no effect on meT " I will not be interrupted !	Hear me in silence.
Hear me in silence.	My daughter
and my nephew are formed for each other.	They are descended, on the maternal side, from the same noble line ; and, on the fathers’, from respectable, honorable, and ancient, though untitled families.
They are descended, on the maternal side, from the same noble line ; and, on the fathers’, from respectable, honorable, and ancient, though untitled families.	Their fortune on both sides is splendid.
Their fortune on both sides is splendid.	They are destined for each other by the voice of every member of their respective houses ; and what is to divide them ?
They are destined for each other by the voice of every member of their respective houses ; and what is to divide them ?	The upstart pretensions of a young woman without family, connections, or fortune.
The upstart pretensions of a young woman without family, connections, or fortune.	Is this to be endured ?
Is this to be endured ?	But it must not, shall not be If you were sensible of your own good, you would not wish to quit the sphere in which you have been brought up.”
” In marrying your nephew I should not consider myself as quitting that sphere.	He is a gentleman ; I am a gentleman’s daughter : so far we are equal.”
" True.	You are a gentleman’s daughter.
You are a gentleman’s daughter.	But who was your mother .?
But who was your mother .?	Who are your uncles and aunts ?
Who are your uncles and aunts ?	Do not imagine me ignorant of their condition.”
" Miss Bennet, I am shocked and astonished.	I expected to find a more reasonable young woman.
I expected to find a more reasonable young woman.	But do not deceive yourself into a belief that I will ever recede.
But do not deceive yourself into a belief that I will ever recede.	I shall not go away till you have given me the assurance I require.”
"And I certainly never shall give it.	I am not to be intimidated into anything so wholly unreasonable.
Allow me to say.	Lady Catherine, that the arguments with which you have supported this extraordinary application have been as frivolous as the application was ill-judged.
How far your nephew might approve of your interference in his affairs I cannot tell ; but you have certainly no right to concern yourself in mine.	I must beg, therefore, to be importuned no farther on the subject.”
"Not so hasty, if you please.	I have by no means done.
all the objections I have already urged, I have still another to add.	I am no stranger to the particulars of your youngest sister’s infamous elopement.
I am no stranger to the particulars of your youngest sister’s infamous elopement.	I know it all; that the young man’s marrying her was a patched-up business, at the expense of your father and uncle.
I know it all; that the young man’s marrying her was a patched-up business, at the expense of your father and uncle.	And is such a girl to be my nephew’s sister?
And is such a girl to be my nephew’s sister?	Is her husband, who is the son of his late father’s steward, to be his brother?
Is her husband, who is the son of his late father’s steward, to be his brother?	Heaven and earth — of what are you thinking ?
Heaven and earth — of what are you thinking ?	Are the shades of Pemberley to be thus polluted ? ”
lo " You can now have nothing farther to say,” she resentfully answered.	"You have insulted me in every possible method.
"You have insulted me in every possible method.	I must beg to return to the house.”
And she rose as she spoke.	Lady Catherine rose also, and they turned back.
Lady Catherine rose also, and they turned back.	Her ladyship was highly incensed.
nephew !	Unfeeling, selfish girl !
Unfeeling, selfish girl !	Do you not consider that a connection with you must disgrace him in the eyes of everybody ? ”
" Lady Catherine, I have nothing further to say.	You know my sentiments.”
" I have said no such thing.	I am only resolved to act in that manner which will, in my own opinion, constitute my happiness, without reference to you^ or to any person so wholly unconnected with me.”
"It is well.	You refuse, then, to oblige me.
You refuse, then, to oblige me.	You refuse to obey the claims of duty, honor, and gratitude.
You refuse to obey the claims of duty, honor, and gratitude.	You are determined to ruin him in the opinion of all his friends, and make him the contempt of the world.”
" has any possible claim on me in the present instance.	No principle of either would be violated by my marriage with Mr. Darcy.
No principle of either would be violated by my marriage with Mr. Darcy.	And with regard to the resentment of his family
" And this is your real opinion I This is your final resolve !	Very well.
Very well.	I shall now know how to act.
I shall now know how to act.	Do not imagine, Miss Bennet, that your ambition will ever be gratified.
Do not imagine, Miss Bennet, that your ambition will ever be gratified.	I came to try you.
I came to try you.	I hoped to find you reasonable ; but, depend upon, it, I will carry my point.”
" I take no leave of you.	Miss Bennet.
Miss Bennet.	I send no compliments to your mother.
I send no compliments to your mother.	You deserve no such attention.
You deserve no such attention.	I am seriously displeased.”
Elizabeth made no answer, and, without attempting to persuade her ladyship to return into the house, walked quietly into it herself.	She heard the carriage drive away as she proceeded upstairs.
She heard the carriage drive away as she proceeded upstairs.	Her mother impatiently met her at the door of the dressing room, to ask why Lady Catherine would not come in again and rest herself.
She is on her road somewhere, I dare say, and so, passing through Meryton, thought she might as well call on you.	I suppose she had nothing particular to say to you, Lizzy ? ”
In that case, he would return no more.	Lady Catherine might see him in her way through town, and his engagement to Bingley of coming again to Netherfield must give way.
If, therefore, an excuse for not keeping his promise should come to his friend within a few days,” she added, ” I shall know how to understand it.	I shall then give over every expectation, every wish of his constancy.
I shall then give over every expectation, every wish of his constancy.	If he is satisfied with only regretting me, when he might have obtained my affections and hand, I shall soon cease to regret him at all.”
being in some manner connected with the letter he held.	It suddenly struck her that it might be from Lady Catherine; and she anticipated with dismay all the consequent explanations.
It suddenly struck her that it might be from Lady Catherine; and she anticipated with dismay all the consequent explanations.	She followed her father to the fireplace, and they both sat down.
She followed her father to the fireplace, and they both sat down.	He then said —
" I have received a letter this morning that has astonished me exceedingly.	As it principally concerns yourself, you ought to know its contents.
As it principally concerns yourself, you ought to know its contents.	I did not know before that I had two daughters on the brink of matrimony.
I did not know before that I had two daughters on the brink of matrimony.	Let me congratulate you on a very important conquest.”
Young ladies have great penetration in such matters as these ; but I think I may defy even your sagacity to discover the name of your admirer.	This letter is from Mr. Collins.”
" Something very much to the purpose, of course.	He begins with congratulations on the approaching nuptials of my eldest daughter, of which it seems he has been told, by some of the good-natured, gossiping Lucases.
" Have you any idea, Lizzy, who this gentleman is ?	But now it comes out —
” ' My motive for cautioning you is as follows : we have reason to imagine that his aunt.	Lady Catherine de Bourgh, does not look on the match with a friendly eye.’
Mr. Darcy, who never looks at any woman but to see a blemish, and who probably never looked at you in his life ?	It is admirable ! ”
Elizabeth tried to join in her father’s pleasantry, but could only force one most reluctant smile.	Never had his wit been directed in a manner so little agreeable to her.
" Oh ! yes.	Pray read on.”
But, Lizzy, you look as if you did not enjoy it.	You are not going to be missish, I hope, and pretend to be affronted at an idle report.
You are not going to be missish, I hope, and pretend to be affronted at an idle report.	For what do we live, but to make sport for our neighbors, and laugh at them in our turn ”
" Oh ! ” cried Elizabeth, " I am excessively diverted.	But it
Nay, when I read a letter of his, I cannot help giving him the preference even over Wickham, much as I value the impudence and hypocrisy of my son-in-law.	And pray, Lizzy, what said Lady Catherine about this report?
And pray, Lizzy, what said Lady Catherine about this report?	Did she call to refuse her consent ? ”
distressed by his repeating it.	Elizabeth had never been more at a loss to make her feelings appear what they were not.
Elizabeth had never been more at a loss to make her feelings appear what they were not.	It was necessary to laugh, when she would rather have cried.
It was agreed to.	Mrs. Bennet was not in the habit of walking.
Mrs. Bennet was not in the habit of walking.	Mary could never spare time, but the lo remaining five set off together.
Mary could never spare time, but the lo remaining five set off together.	Bingley and Jane, however, soon allowed the others to outstrip them.
Bingley and Jane, however, soon allowed the others to outstrip them.	They lagged behind, while Elizabeth, Kitty, and Darcy were to entertain each other.
I can no longer help thanking you for your unexampled kindness to my poor sister.	Ever since I have known it, I have been most anxious to acknowledge to you how gratefully I feel it.
Ever since I have known it, I have been most anxious to acknowledge to you how gratefully I feel it.	Were it known to the rest of my family, I should not have merely my own gratitude to express.”
" You must not blame my aunt.	Lydia’s thoughtlessness first betrayed to me that you had been concerned in the matter ; and, of course, I could not rest till I knew the particulars.
" If you will thank me,” he replied, " let it be for yourself alone.	That the wish of giving happiness to you might add force to the other inducements which led me on, I shall not attempt to deny.
That the wish of giving happiness to you might add force to the other inducements which led me on, I shall not attempt to deny.	But your family owe me nothing.
But your family owe me nothing.	Much as I respect them, I believe I thought only of youJ^
Elizabeth was too much embarrassed to say a word.	After a short pause, her companion added, "You are too generous to trifle with me.
After a short pause, her companion added, "You are too generous to trifle with me.	If your feelings are still what they were last April, tell me so at once.
If your feelings are still what they were last April, tell me so at once.	My affections and wishes are un- changed ; but one word from you will silence me on this subject forever.”
They walked on, without knowing in what direction.	There was too much to be thought, and felt, and said, for attention to any other objects.
" What did you say of me that I did not deserve ?	For, though your accusations were ill-founded, formed on mistaken premises, my behavior to you at the time had merited the severest reproof.
For, though your accusations were ill-founded, formed on mistaken premises, my behavior to you at the time had merited the severest reproof.	It was unpardonable.
It was unpardonable.	I cannot think of it without abhorrence.”
strictly examined, will be irreproachable.	But since then we have both, I hope, improved in civility.”
" I cannot be so easily reconciled to myself.	The recollection of what I then said — of my conduct, my manners, my expressions during the whole of it — is now, and has been many months, inexpressibly painful to me.
" I was certainly very far from expecting them to make so strong an impression.	I had not the smallest idea of their being ever felt in such a way.”
"I can easily believe it.	You thought me then devoid of every proper feeling, I am sure you did.
" Oh do not repeat what I then said.	These recollections will not do at all.
These recollections will not do at all.	I assure you that I have long been most heartily ashamed of it.”
Darcy mentioned his letter.	" Did it,” said he, " did it soon make you think better of me?
" Did it,” said he, " did it soon make you think better of me?	Did you, on reading it, give any credit to its contents ? ”
" I knew,” said he, " that what I wrote must give you pain ; but it was necessary.	I hope you have destroyed the letter.
I hope you have destroyed the letter.	There was one part, especially the opening of it, which I should dread your having the power of reading again.
There was one part, especially the opening of it, which I should dread your having the power of reading again.	I can remember some expressions which might justly make you hate me.”
" The letter, perhaps, began in bitterness ; but it did not end so.	The adieu is charity itself. — But think no more of the letter.
” I cannot give you credit for any philosophy of the kind.	Your retrospections must be so totally void of reproach, that the contentment arising from them is not of philosophy, but, what is much better, of ignorance.
Your retrospections must be so totally void of reproach, that the contentment arising from them is not of philosophy, but, what is much better, of ignorance.	But with me it is not so.
But with me it is not so.	Painful recollections will intrude, which cannot, which ought not, to be repelled.
Painful recollections will intrude, which cannot, which ought not, to be repelled.	I have been a selfish being all my life, in practice, though not in principle.
I have been a selfish being all my life, in practice, though not in principle.	As a child, I was taught what was right but I was not taught to correct my temper.
As a child, I was taught what was right but I was not taught to correct my temper.	I was given good principles, but left to follow them in pride and conceit.
Such I was, from eight to eight-and-twenty ; and such I might still have been but for you, dearest, loveliest Elizabeth !	What do I not owe you ?
What do I not owe you ?	You taught me a lesson, hard indeed at first, but most advantageous.
You taught me a lesson, hard indeed at first, but most advantageous.	By you I was properly humbled.
By you I was properly humbled.	I came
to you without a doubt of my reception.	You showed me how insufficient were all my pretensions to please a woman worthy of being pleased.”
” Indeed I had.	What will you think of my vanity ?
What will you think of my vanity ?	I be- lieved you to be wishing, expecting my addresses.”
I assure you.	I never meant to deceive you, but my spirits might often lead me wrong.
I never meant to deceive you, but my spirits might often lead me wrong.	How you must have hated me after that evening ! ”
” Hate you !	I was angry, perhaps, at first, but my anger soon began to take a proper direction.”
" I am almost afraid of asking what you thought of me when we met at Pemberley.	You blamed me for coming ? ”
"Your surprise could not be greater than mine in being noticed by you.	My conscience told me that I deserved no extraordinary politeness, and I confess that I did not expect to receive more than my due.”
” Not at all.	When I went away, I felt that it would soon happen.”
” That is to say, you had given your permission.	I guessed as much.”
I told him of all that had occurred to make my former interference in his affairs absurd and impertinent.	His surprise was great.
His surprise was great.	He had never had the slightest suspicion.
” From the former.	I had narrowly observed her during the two visits which I had lately made her here, and I was convinced of her affection.”
” It did.	Bingley is most unaffectedly modest.
Bingley is most unaffectedly modest.	His diffidence had prevented his depending on his own judgment in so anxious a case, but his reliance on mine made everything easy.
His diffidence had prevented his depending on his own judgment in so anxious a case, but his reliance on mine made everything easy.	I was obliged to confess one thing which for a time, and not unjustly, offended him.
I could not allow myself to conceal that your sister had been in town three months last winter — that I had known it, and purposely kept it from him.	He was angry.
He was angry.	But his anger, I am persuaded, lasted no longer than he re- mained in any doubt of your sister’s sentiments.
But his anger, I am persuaded, lasted no longer than he re- mained in any doubt of your sister’s sentiments.	He has heartily forgiven me now.”
In anticipating the happiness of Bingley, which, of course, was to be inferior only to his own, he continued the conversation till they reached the house.	In the hall they parted.
She had only to say in reply, that they had wandered about till she was beyond her own knowledge.	She colored as she spoke ; but neither that, nor anything else, awakened a suspicion of the truth.
The evening passed quietly, unmarked by anything extraordinary.	The acknowledged lovers talked and laughed ; the unlo acknowledged were silent.
At night she opened her heart to Jane.	Though suspicion was very far from Miss Bennet’s general habits, she was absolutely incredulous here.
"You are joking, Lizzy.	This cannot be! — engaged to Mr. Darcy ! — No, no, you shall not deceive me.
This cannot be! — engaged to Mr. Darcy ! — No, no, you shall not deceive me.	I know it to be impossible.”
was on you ; and I am sure nobody else will believe me, if you do not.	Yet, indeed, I am in earnest.
Yet, indeed, I am in earnest.	I speak nothing but the truth.
I speak nothing but the truth.	He still loves me, and we are engaged.”
Jane looked at her doubtingly.	" Oh, Lizzy it cannot be.
" You know nothing of the matter.	That is all to be forgot.
That is all to be forgot.	Perhaps I did not always love him so well as I do now.
Perhaps I did not always love him so well as I do now.	But in such cases as these a good memory is unpardonable.
But in such cases as these a good memory is unpardonable.	This is the last time I shall ever remember it myself.”
Miss Bennet still looked all amazement.	Elizabeth again, and more seriously, assured her of its truth.
" Good Heaven ! can it be really so ?	Yet now I must believe you,” cried Jane.
Yet now I must believe you,” cried Jane.	"My dear, dear Lizzy, I would — I do congratulate you — but are you certain — forgive the question — are you quite certain that you can be happy with him ? ”
" There can be no doubt of that.	It is settled between us already that we are to be the happiest couple in the world.
It is settled between us already that we are to be the happiest couple in the world.	But are you pleased, Jane?
But are you pleased, Jane?	Shall you like to have such a brother ? ”
" Very, very much.	Nothing could give either Bingley or myself more delight.
Nothing could give either Bingley or myself more delight.	But we considered it, we talked of it as impossible.
But we considered it, we talked of it as impossible.	And do you really love him quite well enough ?
And do you really love him quite well enough ?	Oh, Lizzy ! do anything rather than marry without affection.
Oh, Lizzy ! do anything rather than marry without affection.	Are you quite sure that you feel what you ought to do ? ”
" Oh, yes !	You will only think I feel more than I ought to do, when I tell you all.”
" Why I must confess that I love him better than I do Bingley.	I am afraid you will be angry.”
" My dearest sister, now be^ be serious.	I want to talk very seriously.
I want to talk very seriously.	Let me know everything that I am to know, without delay.
Let me know everything that I am to know, without delay.	Will you tell me how long you have loved him ? ”
" It has been coming on so gradually, that I hardly know when it began.	But I believe I must date it from my first seeing his beautiful grounds at Pemberley.”
Another entreaty that she would be serious, however, produced the desired effect, and she soon satisfied Jane by her solemn assurances of attachment.	When convinced on that article.
When convinced on that article.	Miss Bennet had nothing further to wish.
happy as myself.	I always had a value for him.
I always had a value for him.	Were it for nothing but his love of you, I must always have esteemed him ; but now, as Bingley’s friend and your husband, there can be only Bingley and yourself more dear to me.
But, Lizzy, you lo have been very sly, very reserved with me.	How little did you tell me of what passed at Pemberley and Lambton !
How little did you tell me of what passed at Pemberley and Lambton !	I owe all that I know of it to another, not to you.”
Elizabeth told her the motives of her secrecy.	She had been unwilling to mention Bingley ; and the unsettled state of her own feelings had made her equally avoid the name of his friend.
She had been unwilling to mention Bingley ; and the unsettled state of her own feelings had made her equally avoid the name of his friend.	But now she would no longer conceal from her his share in Lydia’s marriage.
But now she would no longer conceal from her his share in Lydia’s marriage.	All was acknowledged, and half the night spent in conversation.
What can he mean by being so tiresome as to be always coming here ?	I had no notion but he would go a-shooting, or something or other, and not disturb us with his company.
I had no notion but he would go a-shooting, or something or other, and not disturb us with his company.	What shall we do with him ?
What shall we do with him ?	Lizzy, you must walk out with him again, that he may not be in Bingley’s way.”
" I advise Mr. Darcy, and Lizzy, and Kitty,” said Mrs. Bennet, ” to walk to Oakham Mount this morning.	It is a nice long walk, and Mr. Darcy has never seen the view.”
" It may do very well for the others,” replied Mr. Bingley ; ” but I am sure it will be too much for Kitty.	Won’t it, Kitty ? ”
Kitty owned that she had rather stay at home.	Darcy professed a great curiosity to see the view from the Mount, and Elizabeth silently consented.
Darcy professed a great curiosity to see the view from the Mount, and Elizabeth silently consented.	As she went upstairs to get ready, Mrs. Bennet followed her, saying —
But I hope you will not mind it : it is all for Jane’s sake, you know ; and there is no occasion for talking to him, except just now and then.	So do not put yourself to inconvenience.”
During their walk, it was resolved that Mr. Bennet’s consent should be asked in the course of the evening.	Elizabeth reserved to herself the application for her mother’s.
lo Her father was walking about the room, looking grave and anxious. ” Lizzy,” said he, ” what are you doing ?	Are you out of your senses, to be accepting this man t Have not you always hated him t ”
is rich, to be sure, and you may have more fine clothes and fine carriages than Jane.	But will they make you happy ? ”
” None at all.	We all know him to be a proud, unpleasant
” I do, I do like him,” she replied, with tears in her eyes ; ”I love him.	Indeed he has no improper pride.
Indeed he has no improper pride.	He is perfectly amiable.
He is perfectly amiable.	You do not know what he really is ; then pray do not pain me by speaking of him in such terms.”
” Lizzy,” said her father, ” I have given him my consent.	He is the kind of man, indeed, to whom I should never dare refuse anything which he condescended to ask.
He is the kind of man, indeed, to whom I should never dare refuse anything which he condescended to ask.	I now give it
X. you ^ if you are resolved on having him.	But let me advise you to think better of it.
But let me advise you to think better of it.	I know your disposition, Lizzy.
I know your disposition, Lizzy.	I know that you could be neither happy nor respectable unless you truly esteemed your husband — unless you looked up to him as a superior.
Your lively talents would place you in the greatest danger in an unequal marriage.	You could scarcely escape discredit and misery.
You could scarcely escape discredit and misery.	My child, let me not have the grief of seeing you unable to respect your partner in life.
My child, let me not have the grief of seeing you unable to respect your partner in life.	You know not what you are about.”
" Well, my dear,” said he, when she ceased speaking, " I have no more to say.	If this be the case, he deserves you.
If this be the case, he deserves you.	I could not have parted with you, my Lizzy, to anyone less worthy.” To complete the favorable impression, she then told him what Mr. Darcy had voluntarily done for Lydia.
I could not have parted with you, my Lizzy, to anyone less worthy.” To complete the favorable impression, she then told him what Mr. Darcy had voluntarily done for Lydia.	He heard her with astonishment.
" This is an evening of wonders, indeed !	And so, Darcy did everything — made up the match, gave the money, paid the fellow’s debts, and got him his commission I So much the better.
And so, Darcy did everything — made up the match, gave the money, paid the fellow’s debts, and got him his commission I So much the better.	It will save me a world of trouble and economy.
It will save me a world of trouble and economy.	Had it been your uncle’s doing, I must and would have paid him ; but these violent young lovers carry everything their own way.
" Good gracious !	Lord bless me only think I dear me !
Lord bless me only think I dear me !	Mr. Darcy !
Mr. Darcy !	Who would have thought it ?
Who would have thought it ?	And is it really true ?
And is it really true ?	Oh ! my sweetest Lizzy ! how rich and how great you will be !
Oh ! my sweetest Lizzy ! how rich and how great you will be !	What pin money, what jewels, what carriages you will have !
What pin money, what jewels, what carriages you will have !	Jane’s is nothing to it — nothing at all.
Jane’s is nothing to it — nothing at all.	I am so pleased — so happy !
I am so pleased — so happy !	Such a charming man — so handsome ! so tall — Oh, my dear Lizzy ! pray apologize for my having disliked him so much before.
Such a charming man — so handsome ! so tall — Oh, my dear Lizzy ! pray apologize for my having disliked him so much before.	I hope he will overlook it.
I hope he will overlook it.	Dear, dear Lizzy !
Dear, dear Lizzy !	A house in town !
A house in town !	Everything that is charming !
Everything that is charming !	Three daughters married !
Three daughters married !	Ten thousand a year !
Ten thousand a year !	Lord ! what will become of me ?
Lord ! what will become of me ?	I shall go distracted.”
heard only by herself, soon went away.	But before she had been three minutes in her own room, her mother followed her.
” My dearest child,” she cried, ” I can think of nothing else !	Ten thousand a year, and very likely more !
Ten thousand a year, and very likely more !	’T is as good as a lord !
’T is as good as a lord !	And a special license !
And a special license !	You must and shall be married by a special license !
You must and shall be married by a special license !	But, my dearest love, tell me what dish Mr. Darcy is particularly fond of, that I may have it to-morrow.”
Elizabeth’s spirits soon rising to playfulness again, she wanted Mr. Darcy to account for his having ever fallen in love with her.	How could you begin ? ” said she.
How could you begin ? ” said she.	" I can comprehend your going on charmingly, when you had once made a beginning ; but what could set you off in the first place ? ”
" I cannot fix on the hour, or the spot, or the look, or the words, which laid the foundation.	It is too long ago.
It is too long ago.	I was in the middle before I knew that I had begun.”
IS " You may as well call it impertinence at once.	It was very little less.
It was very little less.	The fact is, that you were sick of civility, of deference, of officious attention.
The fact is, that you were sick of civility, of deference, of officious attention.	You were disgusted with the women who were always speaking and looking and thinking for your approbation alone.
You were disgusted with the women who were always speaking and looking and thinking for your approbation alone.	I roused and interested you, because I was so unlike them.
"Dearest Jane!	Who could have done less for her?
Who could have done less for her?	But make a virtue of it by all means.
What made you so shy of me when you first called, and afterwards dined here?	Why, espe- cially, when you called, did you look as if you did not care about me ? ”
"You need not distress yourself.	The moral will be perfectly fair.
The moral will be perfectly fair.	Lady Catherine’s unjustifiable endeavors to separate . us were the means of removing all my doubts.
Lady Catherine’s unjustifiable endeavors to separate . us were the means of removing all my doubts.	I am not indebted for my present happiness to your eager desire of expressing your gratitude.
I am not indebted for my present happiness to your eager desire of expressing your gratitude.	I was not in a humor to wait for
an opening of yours.	My aunt’s intelligence had given me hope, and I was determined at once to know everything.”
" Lady Catherine has been of infinite use, which ought to make her happy, for she loves to be of use.	But tell me, what did you come down to Netherfield for ?
But tell me, what did you come down to Netherfield for ?	Was it merely to ride to Longbourn, and be embarrassed ? or had you intended any more serious consequences ? ”
"I am more likely to want time than courage, Elizabeth.	But it ought to be done ; and if you will give me a sheet of paper, it shall be done directly.”
"And if I had not a letter to write myself, I might sit by you, and admire the evenness of your writing, as another young lady once did.	But I have an aunt, too, who must not be longer neglected.”
I would have thanked you before, my dear aunt, as I ought to have done, for your long, kind, satisfactory detail of particulars; but, to say the truth, I was too cross to write.	You supposed more than really existed.
You supposed more than really existed.	But 7iow suppose as much as you choose; give a loose to your fancy, indulge your imagination
in every possible flight which the subject will afford, and unless you believe me actually married, you cannot greatly err.	You must write again very soon, and praise him a great deal more than you did in your last.
You must write again very soon, and praise him a great deal more than you did in your last.	I thank you, again and again, for not going to the Lakes.
I thank you, again and again, for not going to the Lakes.	How could I be so silly as to wish it!
How could I be so silly as to wish it!	Your idea of the ponies is delightful.
Your idea of the ponies is delightful.	We will go round the Park every day.
We will go round the Park every day.	I arh the happiest creature in the world.
I arh the happiest creature in the world.	Perhaps other people have said so before, but no one with such justice.
Perhaps other people have said so before, but no one with such justice.	I am happier even than Jane; she only smiles, I laugh.
I am happier even than Jane; she only smiles, I laugh.	Mr. Darcy sends you all the love in the world that can be spared from me.
Mr. Darcy sends you all the love in the world that can be spared from me.	You are all to come to Pemberley at Christmas. — Yours, etc.
I must trouble you once more for congratulations.	Elizabeth will soon be the wife of Mr. Darcy.
Elizabeth will soon be the wife of Mr. Darcy.	Console Lady Catherine as well as you can.
Console Lady Catherine as well as you can.	But, if I were you, I would stand by the nephew ; he has more to give. — Yours sincerely, etc.
Lucas Lodge.	The reason of this sudden removal was soon evident.
Happy for all her maternal feelings was the day on which Mrs. Bennet got rid of her two most deserving daughters.	With what delighted pride she afterwards visited Mrs. Bingley, and talked of Mrs. Darcy, may be guessed.
Mr. Bennet missed his second daughter exceedingly; his affection for her drew him oftener from home than anything else could do.	He delighted in going to Pemberley, especially when he was least expected.
Mr. Bingley and Jane remained at Netherfield only a twelvemonth.	So near a vicinity to her mother and Meryton relations was not desirable even to his easy temper, or her affectionate heart.
Kitty, to her very material advantage, spent the chief of her time with her two elder sisters.	In society so superior to what she had generally known, her improvement was great.
In society so superior to what she had generally known, her improvement was great.	She was not of so ungovernable a temper as Lydia : and, removed from the influence of Lydia’s example, she became, by proper
The congratulatory letter which Elizabeth received from Lydia on her marriage explained to her that, by his wife at least, if not by himself, such a hope was cherished.	The letter was to this effect —
I wish you joy.	If you love Mr. Darcy half so well as I do my dear Wickham, you must be very happy.
If you love Mr. Darcy half so well as I do my dear Wickham, you must be very happy.	It is a great comfort to have you so rich, and when you have nothing else to do, I hope you will think of us.
Pemberley was now Georgiana’s home ; and the attachment of the sisters was exactly what Darcy had hoped to see.	They were able to love each other, even as well as they intended.
He, who had always inspired in herself a respect which almost overcame her affection, she now saw the object of open pleasantry.	Her mind received knowledge which had never before fallen in her way.
